강의명,url,강사명,별점,별점 수,수강생 수,강의 수,강의 총 시간,category
【글로벌 Best】 No Code! 코딩없이 인공지능 구현하기 (한글자막),https://www.udemy.com/course/no-code-ai/,"Dr. Ryan Ahmed, Ph.D., MBA",4.5,15,102,69,570.0,devel_nocode
【글로벌 Best】 10일 완성 코스 - 코딩 없는 인공 지능 부트캠프 (한글자막),https://www.udemy.com/course/best-10-ai/,"Dr. Ryan Ahmed, Ph.D., MBA",5.0,6,27,113,750.0,devel_nocode
파워포인트보다 쉬운 [WIX 로 홈페이지 만들기],https://www.udemy.com/course/wixmagic/,이임복 Lee,4.5,4,11,27,210.0,devel_nocode
【글로벌 Best】 No 코드 머신 러닝 : Modern ML 도구에 대한 실용적인 가이드 (한글자막),https://www.udemy.com/course/best-nocode-modern-ml/,"Dr. Ryan Ahmed, Ph.D., MBA",5.0,2,31,44,390.0,devel_nocode
왕초보도 가능한 WordPress 웹페이지 만들기,https://www.udemy.com/course/wordpress-ar/,ITGO 아이티고,5.0,1,2,10,240.0,devel_nocode
3D KODU로 코딩 제대로 배워보기,https://www.udemy.com/course/3d-kodu-z/,ITGO 아이티고,0.0,0,0,10,180.0,devel_nocode
내 손으로 직접 만드는 WIX 무료 쇼핑몰,https://www.udemy.com/course/wix-yssj/,ITGO 아이티고,0.0,0,0,10,240.0,devel_nocode
How To Make a Wordpress Website -Elementor Page Builder,https://www.udemy.com/course/how-to-make-a-wordpress-website-2017-elementor-builder/,Darrel Wilson,4.2,3458,44238,13,90.0,devel_nocode
Microsoft PowerApps & Flow: Build Business Apps Without Code,https://www.udemy.com/course/powerapps/,Syed Raza,3.8,1857,13600,42,240.0,devel_nocode
Wix Master Course: Make A Website with Wix (FULL 4 HOURS),https://www.udemy.com/course/wix-master-course-make-a-website-in-1-day-with-wix/,Nickie Rowley,4.3,1538,6181,33,300.0,devel_nocode
The Bubble Beginners Bootcamp (2019) - Visual Programming,https://www.udemy.com/course/the-bubble-beginners-bootcamp-2019-visual-programming/,Gregory John,4.8,1476,5113,48,630.0,devel_nocode
Learn Elementor - WordPress Front-End Development Course,https://www.udemy.com/course/wordpress-front-end-development-elementor/,Andrew Williams,4.7,1087,5560,66,390.0,devel_nocode
"Build Your Startup with No Coding (Design, Develop & Ship)",https://www.udemy.com/course/buildastartup/,Team Copilot,4.7,876,3515,82,480.0,devel_nocode
Elementor - Build Amazing WordPress Pages With Elementor,https://www.udemy.com/course/elementor-101-build-amazing-wordpress-pages-with-no-coding/,Alexander Oni,4.6,707,3248,90,540.0,devel_nocode
Modern Artificial Intelligence with Zero Coding,https://www.udemy.com/course/modern-artificial-intelligence-with-zero-coding/,"Dr. Ryan Ahmed, Ph.D., MBA",4.7,622,6357,69,570.0,devel_nocode
Complete Bubble Developer Course: Build Apps Without Coding,https://www.udemy.com/course/build-fully-functional-apps-without-coding-using-bubble/,Leon Petrou,4.5,599,6184,108,600.0,devel_nocode
Build an Amazon Affiliate E-Commerce Store from Scratch,https://www.udemy.com/course/build-an-amazon-affiliate-e-commerce-store-from-scratch/,YouAccel Training,4.4,588,110130,28,300.0,devel_nocode
Wix Web Design 2022:Level 1:BEGINNER *Wix Certified Trainer,https://www.udemy.com/course/webmasteracademy101/,"Michael Wood, M.Ed., M.S.",4.6,490,2333,42,720.0,devel_nocode
The Complete 'No Code' Developer Course: Build 23 Projects,https://www.udemy.com/course/no-code-developer/,Codestars by Rob Percival,4.3,470,4752,124,570.0,devel_nocode
The Complete Guide to Bubble Visual Programming,https://www.udemy.com/course/the-complete-guide-to-bubble-from-beginner-to-advanced/,Henry Habib,4.7,462,2372,161,960.0,devel_nocode
Master Wix - Create a Wix Website in 1 hour,https://www.udemy.com/course/master-wix-create-a-wix-website-in-1-hour/,Divit Mehta,4.5,396,2352,16,60.0,devel_nocode
The Bubble Course - Create Complete Web Apps without Coding,https://www.udemy.com/course/bubble-course/,Andrew Vega,3.7,395,4735,47,270.0,devel_nocode
WordPress for Beginners [2022],https://www.udemy.com/course/wp-for-beginners/,Tanzeel Ur Rehman,4.2,394,39108,43,330.0,devel_nocode
How To Make A Wordpress Website -Elementor Page Builder,https://www.udemy.com/course/how-to-make-a-wordpress-website-2017-elementor-page-builder/,Darrel Wilson,4.0,375,13151,26,210.0,devel_nocode
No-Code Machine Learning: Practical Guide to Modern ML Tools,https://www.udemy.com/course/no-code-machine-learning/,"Dr. Ryan Ahmed, Ph.D., MBA",4.5,336,22097,44,390.0,devel_nocode
Complete Guide to Velo by Wix: Go From Zero to Hero!,https://www.udemy.com/course/the-applied-guide-to-corvid-aka-wix-code-from-beginner/,Will Fourie,4.8,322,1313,45,840.0,devel_nocode
10 Days of No Code Artificial Intelligence Bootcamp,https://www.udemy.com/course/10-code-less-days-of-artificial-intelligence/,"Dr. Ryan Ahmed, Ph.D., MBA",4.5,318,3189,113,750.0,devel_nocode
How To Make A Wordpress Website -Elementor Page Builder,https://www.udemy.com/course/how-to-make-a-wordpress-website-with-elementor/,Darrel Wilson,4.4,299,8360,15,90.0,devel_nocode
Bootstrap Studio Tutorial Version 6.0 Learn Bootstrap Studio,https://www.udemy.com/course/bootstrap-studio-design-website-with-typing-only-10-percent-code/,Karan Khandekar,4.6,285,10066,72,600.0,devel_nocode
Wix Website SEO | Wix SEO| Wix Search Engine Optimisation,https://www.udemy.com/course/wix-website-wix-seo/,Sam Dey,3.8,280,2730,14,60.0,devel_nocode
How to Make an eCommerce Website with WordPress For Beginner,https://www.udemy.com/course/how-to-make-an-ecommerce-website-with-wordpress-elementor-for-beginner/,Asaduzzaman Asad ( Aarav ),4.7,268,45135,45,240.0,devel_nocode
How to make a Portfolio Wordpress Website in Elementor 2020,https://www.udemy.com/course/how-to-make-a-wordpress-website-2020-elementor-pagebuilder/,Rino LivingWithPixels,4.9,230,4730,30,270.0,devel_nocode
Power Apps: learn PowerApps with a hands-on example,https://www.udemy.com/course/power-apps-learn-to-build-an-app-to-manage-your-inventory/,Rudimar Baesso Althof,4.6,206,1340,44,240.0,devel_nocode
Flowgear Technical Certification,https://www.udemy.com/course/flowgear-technical-certification/,Daniel Chilcott,4.7,196,602,16,210.0,devel_nocode
Design & Build a Website without Code,https://www.udemy.com/course/bloc-design-without-code/,Joey Kirk,3.7,185,10458,33,90.0,devel_nocode
ServiceNow IT Service Management (CIS-ITSM) Tests: Rome 2022,https://www.udemy.com/course/servicenow-it-service-management-implementation-cis-itsm-practice-test/,Ali Saghaeian,4.9,181,730,0,,devel_nocode
Liferay for Beginners Create Your Website Without Coding,https://www.udemy.com/course/liferay-crash-course/,Vikas Kumar Jha,3.7,179,15528,16,150.0,devel_nocode
How to Make a Website Without Coding- WordPress & Web Skills,https://www.udemy.com/course/make-a-website-without-code-wordpress-course/,Hoku Ho,4.8,172,10707,123,540.0,devel_nocode
Learn Creating Premium Wordpress Website with Elementor,https://www.udemy.com/course/elementor-course/,Supriyo Kundu,4.3,163,12693,30,330.0,devel_nocode
"Learn Elementor & WordPress, for Startups & Freelancers",https://www.udemy.com/course/beginner-to-expert-learn-elementor-wordpress/,Nathan Minns,4.6,163,16932,41,150.0,devel_nocode
Ultimate Wordpress Optimization 2022,https://www.udemy.com/course/ultimate-wordpress-optimization-2020/,nurt technologies,4.3,162,39547,24,150.0,devel_nocode
web automation using uipath (RPA-project),https://www.udemy.com/course/web-automation-using-uipath-rpa-project/,naveen kumar,4.3,155,10999,6,60.0,devel_nocode
Wix: Make a Quick and Easy Professional Website for Free,https://www.udemy.com/course/wix-make-quick-easy-professional-website-free/,Kristen Palana,4.4,152,12890,27,120.0,devel_nocode
Wix Web Design 2022: Level 2: Intermediate*Certified Trainer,https://www.udemy.com/course/wix-web-design-design-part-2-wix-certified-trainer/,"Michael Wood, M.Ed., M.S.",4.1,152,1402,39,480.0,devel_nocode
Become RPA Master in Microsoft Power Automate Desktop,https://www.udemy.com/course/microsoft-power-automate-desktop-tutorials-for-beginners/,Learning Technologies,4.2,144,1030,131,1200.0,devel_nocode
Airtable - The Complete Guide to Airtable - Master Airtable,https://www.udemy.com/course/airtable-the-complete-guide-to-airtable/,Henry Habib,4.6,144,685,102,450.0,devel_nocode
Build apps without coding - Introductory course,https://www.udemy.com/course/mobile-web-app-development-without-coding-with-backendless-ui-builder/,Mark Piller,4.4,125,7693,15,120.0,devel_nocode
Build Airtask: A To Do List Application Built With Bubble,https://www.udemy.com/course/build-airtask-a-to-do-list-application-built-with-bubble/,Gregory John,4.9,117,725,24,240.0,devel_nocode
Web Design Training with Elementor,https://www.udemy.com/course/web-design-training-with-elementor/,Tom Wiztek,4.3,117,12361,18,90.0,devel_nocode
Complete Bubble No Code Programming Course,https://www.udemy.com/course/learn-bubble-and-create-web-apps-without-code/,Easy Learning Academy,4.7,116,5277,15,120.0,devel_nocode
How to Create a Website Without Coding - WordPress 2021,https://www.udemy.com/course/how-to-create-a-website-wordpress-2016/,Grzegorz Łata,4.2,115,11288,31,90.0,devel_nocode
Create Your Business Website Without Code (With Squarespace),https://www.udemy.com/course/create-your-business-website-without-code-with-squarespace/,Jared Gold,4.6,113,2328,30,180.0,devel_nocode
How to Launch Your Own Website Builder Service,https://www.udemy.com/course/how-to-launch-your-own-website-builder-service/,Adrian Gonzales,3.7,112,9128,12,90.0,devel_nocode
Super-Fast Web Design using Weebly (2022 Grand Edition),https://www.udemy.com/course/super-fast-web-design-using-weebly/,Srinidhi Ranganathan,4.1,107,43527,6,90.0,devel_nocode
Wordpress for beginners :Build Websites Fast without Coding ,https://www.udemy.com/course/wordpress-create-websites-fast-wo-coding-and-make-money/,Edwin Diaz,4.7,104,1791,68,300.0,devel_nocode
Azure Data Factory Real World Project End to End & Use Cases,https://www.udemy.com/course/azure-data-factory-workshop-real-world-project-use-cases/,Amit Navgire,4.4,104,666,24,390.0,devel_nocode
Create Awesome Fantasy Website Using Wordpress Elementor,https://www.udemy.com/course/awesome-fantasy-website-using-elementor/,Supriyo Kundu,4.1,100,11583,48,450.0,devel_nocode
Intro to Bubble - Learn how to build apps without code,https://www.udemy.com/course/bubble-is-learn-how-to-build-apps-without-code/,George Dimopoulos,3.5,99,3433,22,180.0,devel_nocode
Wix Masterclass: Create a Stunning Wix Site,https://www.udemy.com/course/wix-course/,Nader Nadernejad,4.3,95,1698,26,90.0,devel_nocode
Easy Wordpress course: build your first Wordpress website!,https://www.udemy.com/course/easy-wordpress-course/,Uri Brilliant,4.8,94,337,32,150.0,devel_nocode
Fast-Track Wix Website Design for Entrepreneurs -No Coding!,https://www.udemy.com/course/weekendwebsitewarrior/,Traci Synatschk,4.1,90,720,42,210.0,devel_nocode
How to Create a Wordpress Website from Scratch - No Coding,https://www.udemy.com/course/how-to-create-a-wordpress-website-from-scratch-no-coding/,Hoku Ho,4.4,84,13246,38,180.0,devel_nocode
Wix 2021 : The complete guide of creating Website Beginners,https://www.udemy.com/course/the-complete-guide-of-creating-wix-website-web-design-web-development/,Amar Tripathi,3.7,78,793,37,150.0,devel_nocode
WordPress Websites To Be Proud Of - No Coding WordPress Site,https://www.udemy.com/course/wordpress-for-beginners-how-to-build-professional-websites/,Nick Walsh,4.5,76,13595,41,120.0,devel_nocode
Create & Build Custom Website Without Coding WordPress 2021,https://www.udemy.com/course/custom-website-without-coding/,Jamshaid Raza,4.4,74,5802,18,90.0,devel_nocode
Lead Generation Masterclass: Create Web-pages with Elementor,https://www.udemy.com/course/lead-generation-masterclass-funnel/,Jun Bien Law,4.3,68,7460,59,510.0,devel_nocode
Create A WordPress Website 2020 | Elementor PRO Tutorial,https://www.udemy.com/course/create-a-wordpress-website-2020-elementor-pro-tutorial/,Darrel Wilson,4.8,67,284,25,120.0,devel_nocode
Excel Tips and trick : Learn MS Excel by making 7 Projects,https://www.udemy.com/course/excel-tips-and-trick-learn-ms-excel-by-making-7-projects/,Yassin Marco,4.0,60,12015,34,360.0,devel_nocode
How to Build a Website,https://www.udemy.com/course/how-to-build-a-wix-website/,Steven Matt,3.8,60,2771,5,30.0,devel_nocode
Editor X Masterclass - Build Amazing Websites | No Coding,https://www.udemy.com/course/editor-x-masterclass-build-amazing-websites-no-coding/,Stefan Jovanovic,4.6,59,762,52,510.0,devel_nocode
The Complete 'No Code' Automation Course: Build 18 Projects,https://www.udemy.com/course/no-code-automation/,Codestars by Rob Percival,4.1,58,834,104,240.0,devel_nocode
How To Make an eCommerce Website With Wordpress + Elementor,https://www.udemy.com/course/how-to-make-an-ecommerce-website-with-wordpress-elementor/,Darrel Wilson,4.3,55,3657,15,120.0,devel_nocode
Building An Instagram Clone With No-Code Using Bubble,https://www.udemy.com/course/instagram-clone-no-code-bubble/,Lachlan Kirkwood,4.6,54,287,12,90.0,devel_nocode
Build A Business Website Using Weebly,https://www.udemy.com/course/how-to-build-your-business-website-in-1-hour/,Rich Peterson,4.2,52,2002,19,60.0,devel_nocode
Build web applications without writing  any code with bubble,https://www.udemy.com/course/build-web-applications-without-writing-any-code-with-bubble/,Bluelime Learning Solutions,4.5,52,16513,25,180.0,devel_nocode
Salesforce CPQ : Salesforce CPQ Basics for Admins,https://www.udemy.com/course/salesforce-cpq-salesforce-cpq-basics-for-admins/,Yashad Tayal,4.2,52,288,28,120.0,devel_nocode
Everything About Blogger From Scratch,https://www.udemy.com/course/rkeverything-about-blogger-from-scratch/,Towards Techno,3.9,49,12397,17,120.0,devel_nocode
DIY Website Design Bootcamp: WordPress Elementor Plugin,https://www.udemy.com/course/diy-website-design-with-elementor/,Jun Bien Law,4.2,48,19941,50,480.0,devel_nocode
Elementor & WordPress Masterclass! Build 3 Amazing Websites,https://www.udemy.com/course/complete-elementor-and-wordpress-website-design-masterclass/,Emenwa Global,3.9,48,9629,42,360.0,devel_nocode
Wix Website Development: Create a Wix Website For Beginners,https://www.udemy.com/course/wix-website/,Brennan Zimmer,3.9,46,5326,53,120.0,devel_nocode
RPA : Microsoft Power Automate Desktop - Zero to Expert : 2,https://www.udemy.com/course/microsoft-power-automate-desktop-course-zero-to-expert-2/,Learning Technologies,4.1,45,861,37,300.0,devel_nocode
Beginners Guide to Adobe Dreamweaver CC (2022),https://www.udemy.com/course/adobe-dreamweaver-cc-build-responsive-websites-without-code/,Fatah Gabrial,3.5,42,11842,73,330.0,devel_nocode
Ultra-Fast Web Design using Carrd (2022 Edition),https://www.udemy.com/course/ultra-fast-web-design-using-carrd/,Srinidhi Ranganathan,4.5,39,15439,6,60.0,devel_nocode
WordPress from Start to Finish - Become a Pro!,https://www.udemy.com/course/build-websites-without-code-and-build-a-profitable-business/,Abid Majeed,4.2,39,8266,39,390.0,devel_nocode
Web Design became child's play Thanks to Weebly,https://www.udemy.com/course/web-design-became-childs-play/,Rikhil Nagpal,4.5,39,8684,11,60.0,devel_nocode
Compare Website Builder Software,https://www.udemy.com/course/website-builder-software-reviews-weebly-vs-squarespace-vs-wix/,Rich Peterson,4.3,39,1579,19,60.0,devel_nocode
Designing an E-commerce website with WYSIWYG Web Builder,https://www.udemy.com/course/designing-an-e-commerce-website-with-wysiwyg-web-builder/,Ishmeal Lamptey,4.2,37,131,85,330.0,devel_nocode
How To Make A Business Website In 1 Day With Wix FAST & EASY,https://www.udemy.com/course/how-i-make-a-professional-website-in-1-day-or-less-with-wix/,Rezan Levandovych,3.7,37,3820,25,240.0,devel_nocode
Professional WordPress Web Development course with Elementor,https://www.udemy.com/course/professional-wordpress-web-development-course-with-elementor/,Rakesh Kumar Tadlapur,4.7,36,168,148,2100.0,devel_nocode
Wix for Absolute Beginners,https://www.udemy.com/course/wix-for-absolute-beginners/,Filip Delac,4.8,36,653,35,150.0,devel_nocode
Complete WordPress mastery course beginner to pro,https://www.udemy.com/course/complete-wordpress-mastery-course-beginner-to-pro/,Kamal Mustafa,3.7,35,3672,78,960.0,devel_nocode
How To Create a Print On Demand Face Mask Store with Wix,https://www.udemy.com/course/how-to-create-a-print-on-demand-face-mask-store-with-wix/,Lee Davies,4.0,35,8715,7,90.0,devel_nocode
Wordpress Create Your Own Website 2022!,https://www.udemy.com/course/how-to-create-a-website-with-wordpress-2022-fast/,Jenius Inc,3.6,33,6556,16,33.0,devel_nocode
Elementor - Build Stunning WordPress Landing Page in minutes,https://www.udemy.com/course/elementor-wordpress-tutorial-create-landing-page-website-design/,Tanmoy Das,3.9,30,3598,51,330.0,devel_nocode
1 Hour Website - Build a Website in 1 Hour,https://www.udemy.com/course/one-hour-website/,Theo O,5.0,28,1893,10,60.0,devel_nocode
Build a Professional Business Website Using Weebly ,https://www.udemy.com/course/build-a-professional-business-website-for-free-using-weebly/,Scott Gardiner,3.8,26,358,18,90.0,devel_nocode
50 DevOps Interview Questions & Answers - 2022,https://www.udemy.com/course/50-devops-interview-questions-answers/,Raghunandana Krishna Murthy Sanur,4.5,26,180,47,360.0,devel_nocode
Create A 100% Free and Responsive Website (Without Coding!),https://www.udemy.com/course/how-to-create-a-website-for-free-without-coding/,Thomas Wiesner,4.4,26,657,15,60.0,devel_nocode
Salesforce Validation Rules - Beginner to Advanced,https://www.udemy.com/course/salesforce-validation-rules/,Yashad Tayal,4.5,26,164,36,180.0,devel_nocode
A Complete 2021 Guide to a Stunning Web Design using Wix,https://www.udemy.com/course/diyyourwebsite/,Chantau Cherriton,4.4,24,116,8,90.0,devel_nocode
Website Design,https://www.udemy.com/course/business-in-a-box/,Craig Blewett,4.1,24,1127,31,180.0,devel_nocode
Build A Lead-Generating Portfolio Website In 1 Hour (2022),https://www.udemy.com/course/build-a-lead-generating-portfolio-website-in-hours-2022/,Scott Lancaster,4.6,24,1790,17,90.0,devel_nocode
CAN protocol: Basic to Advance,https://www.udemy.com/course/can-protocol-basic-to-advance/,Codutor Academy,4.1,23,105,13,150.0,devel_nocode
Learn IAC (Infrastructure As Code) Terraform,https://www.udemy.com/course/learn-iac-infrastructure-as-code-terraform-new/,Musab Zayadneh,4.4,22,6064,54,180.0,devel_nocode
Building A LinkedIn Clone With No-Code Using Bubble,https://www.udemy.com/course/building-a-linkedin-clone-with-no-code-using-bubble/,Lachlan Kirkwood,4.7,22,142,15,270.0,devel_nocode
Complete Microsoft Power Virtual Agent (PVA) Bootcamp,https://www.udemy.com/course/complete-practical-ms-power-virtual-agent-pva-bootcamp/,Marji Solutions,3.5,21,96,30,480.0,devel_nocode
Build Mobile Apps Without Coding - The Complete Guide,https://www.udemy.com/course/build-mobile-apps-without-coding-the-complete-guide/,Miguel Hernandez,4.4,21,189,97,540.0,devel_nocode
Building A Yelp Clone With No-Code Using Bubble,https://www.udemy.com/course/building-a-yelp-clone-with-no-code-using-bubble/,Lachlan Kirkwood,4.1,19,110,11,180.0,devel_nocode
"Beginner: Build  WordPress Website , No Coding Required",https://www.udemy.com/course/create-own-professional-wordpress-website-no-coding-required/,MOTAHER HOSSAIN,4.3,19,167,55,150.0,devel_nocode
Sell Courses On Your Own Website - No Coding Required!,https://www.udemy.com/course/sell-courses-on-your-own-website-no-coding-required/,Cameron Wills,4.0,17,1097,21,60.0,devel_nocode
Build a Sales Funnel from Scratch: Email Marketing with Wix,https://www.udemy.com/course/build-a-sales-funnel-from-scratch-email-marketing-with-wix/,Casey Chan,3.7,17,65,6,31.0,devel_nocode
Create a High Converting Wix Website for Your Business,https://www.udemy.com/course/create-high-converting-wix-website-for-business/,Stella Chrysaki,4.6,16,3860,23,120.0,devel_nocode
Build a Personal Brand Website in only 1 Hour (2022),https://www.udemy.com/course/the-personal-brand-website-blueprint-course-2022/,Scott Lancaster,4.7,16,1538,20,90.0,devel_nocode
Build A Lead-Generating Agency Website In 1 Hour,https://www.udemy.com/course/build-a-lead-generating-agency-from-scratch-for-free/,Scott Lancaster,5.0,16,1233,17,60.0,devel_nocode
App Development Without Coding Masterclass - Level 101,https://www.udemy.com/course/build-mobile-app-without-coding-masterclass-level-101/,Mark Piller,4.5,16,99,32,390.0,devel_nocode
WordPress For Beginners: Easily Make a Website in 2 Hours,https://www.udemy.com/course/wordpress-beginner-guide/,Aaron Ward,4.4,16,652,35,180.0,devel_nocode
How To Build Apps On Bubble,https://www.udemy.com/course/how-to-build-apps-on-bubble/,Long Road Instructors,4.1,15,9538,11,180.0,devel_nocode
Getting Started With UiPath Robotic Process Automation (RPA),https://www.udemy.com/course/uipathrpa/,Dr. Umesh Dutta,4.5,15,173,49,390.0,devel_nocode
Learn to Build Professional Weebly Websites from a Kid,https://www.udemy.com/course/create-professional-websites-in-minutes-with-weebly/,Tech Force,4.1,15,1244,26,180.0,devel_nocode
RPA:Microsoft Power Automate Desktop:Intelligent Automation,https://www.udemy.com/course/power-automate-desktop-course-intelligent-automation/,Learning Technologies,4.8,15,460,28,300.0,devel_nocode
a Business with FREE Tools,https://www.udemy.com/course/create-a-wix-website-in-1-hour/,Francisco Capelo,4.1,15,2712,45,150.0,devel_nocode
Advanced RPA - Microsoft Power Automate With AI Builder,https://www.udemy.com/course/microsoft-power-automate-with-ai-builder/,Learning Technologies,4.6,14,407,11,120.0,devel_nocode
Create Websites Faster And Easier With Joomla 3.2 NO Coding,https://www.udemy.com/course/joomla-32-a-step-by-step-guide-for-beginners/,Mathew Tamin,4.4,14,420,62,150.0,devel_nocode
Complete Bubble Course - Create Web Apps Without Code,https://www.udemy.com/course/bubble-web-software-with-no-code/,Sam DeZeeuw,4.2,14,99,23,210.0,devel_nocode
How to Create Your Free Professional Website (No Coding)!,https://www.udemy.com/course/how-to-create-your-free-professional-website-no-coding/,My Meaningful Health,4.4,13,31,5,60.0,devel_nocode
Building A WhatsApp Clone With No-Code Using Bubble,https://www.udemy.com/course/building-a-whatsapp-clone-with-no-code-using-bubble/,Lachlan Kirkwood,4.2,12,79,11,150.0,devel_nocode
Build Amazing Landing Pages In Minutes With Joomla NO CODING,https://www.udemy.com/course/joomla-drag-drop-build-amazing-landing-pages-in-minutes/,Mathew Tamin,3.5,12,749,34,120.0,devel_nocode
Develop a Professional OnePage WordPress site With No Coding,https://www.udemy.com/course/develop-a-professional-onepage-wordpress-site-with-no-coding/,eTraining Firm,3.9,12,1756,13,90.0,devel_nocode
Internet of Things for beginners - IoT project in 10 mins,https://www.udemy.com/course/internet-of-things-for-beginners-iot-project-in-10-mins/,Magicbit Academy,4.6,11,66,24,120.0,devel_nocode
"WordPress Website: Design, SEO and Security for Beginners",https://www.udemy.com/course/wordpress-website-design-seo-and-security-for-beginners/,Freud & Ben,4.5,11,155,45,360.0,devel_nocode
WordPress and the Divi Theme: Create your first website,https://www.udemy.com/course/wordpress-and-divi-create-your-first-website/,Sol Barrera Watters,4.1,11,57,44,210.0,devel_nocode
Salesforce Flow Projects : Flow Use Cases and Scenarios,https://www.udemy.com/course/salesforce-flow-projects-flow-use-cases-and-scenarios/,Yashad Tayal,4.9,11,131,56,330.0,devel_nocode
Create A Website Using Elementor Pro,https://www.udemy.com/course/create-a-website-using-elementor-pro/,Florin Buzea,4.1,10,162,11,90.0,devel_nocode
How to Build an Online Store with WooCommerce and WordPress,https://www.udemy.com/course/build-an-online-store-with-woocommerce-and-wordpress/,Alexandru Dumitru,4.5,10,70,29,150.0,devel_nocode
Create Online Education Website by Wordpress and Elementor,https://www.udemy.com/course/wp-lms-education-elementor-site/,Esrat Sultana Popy,4.8,10,1014,17,90.0,devel_nocode
Learn IAC AWS CloudFormation,https://www.udemy.com/course/learn-iac-aws-cloudformation-new/,Musab Zayadneh,4.3,10,997,20,120.0,devel_nocode
Build a Uber Eats Clone With Adalo,https://www.udemy.com/course/build-a-delivery-app-on-adalo-without-code/,Erik Goins,3.9,9,29,13,120.0,devel_nocode
How to Create a Website with SitePad Website Builder,https://www.udemy.com/course/sitepad-website-builder/,Adrian Gonzales,3.5,9,1393,58,90.0,devel_nocode
How to create a  blog using WordPress,https://www.udemy.com/course/how-to-create-a-blog-with-wordpress-video-blog/,Ricky Wahowa,4.6,9,1370,65,240.0,devel_nocode
Wix: Easily Build a Professional Website in 3h. No Coding.,https://www.udemy.com/course/professional-business-wix-website/,Ricardo R,3.7,9,1112,45,120.0,devel_nocode
No-Code Web App Development for beginners,https://www.udemy.com/course/no-code-web-app-development-for-beginners/,Bluelime Learning Solutions,4.1,9,1507,11,60.0,devel_nocode
Building A Slack Clone With No-Code Using Bubble,https://www.udemy.com/course/building-a-slack-clone-with-no-code-using-bubble/,Lachlan Kirkwood,4.3,9,94,10,180.0,devel_nocode
Build A WordPress Website Without Code,https://www.udemy.com/course/learn-to-build-a-wordpress-website-without-code/,Billy Simpson,4.4,8,23,14,41.0,devel_nocode
Terraform for Beginners,https://www.udemy.com/course/terraform-for-beginners/,Musab Zayadneh,4.6,8,3006,54,180.0,devel_nocode
Advanced Templates & Document Generation,https://www.udemy.com/course/advanced-templates-document-generation/,Benjamin Anderson,4.4,8,23,15,180.0,devel_nocode
Create a 5 Page Business Website With Joomla Without Coding,https://www.udemy.com/course/how-to-create-a-professional-5-page-website-with-joomla/,Mathew Tamin,4.4,7,563,23,120.0,devel_nocode
How to Build Chatbot with Google DialogFlow,https://www.udemy.com/course/how-to-build-chatbot-with-google-dialogflow/,Parwiz Forogh,4.8,7,172,59,360.0,devel_nocode
Creating Website without Coding for Special Needs People,https://www.udemy.com/course/creating-website-without-coding-for-special-needs-people/,Atar Singh,4.6,7,2391,24,360.0,devel_nocode
WordPress Practice Tests & Interview Questions (Basic/Adv),https://www.udemy.com/course/wordpress-practice-tests-and-interview-questions-basic-advanced/,Prince Patni,4.8,7,4999,0,,devel_nocode
Build a Mobile App Without Code,https://www.udemy.com/course/build-a-mobile-app-without-code/,Clyde D'Souza,4.4,7,17,26,90.0,devel_nocode
Learn Wordpress Gutenberg Block Editor,https://www.udemy.com/course/learn-wordpress-gutenberg-block-editor/,Faisal Iqbal,4.3,7,670,14,41.0,devel_nocode
Build an e-learning platform using WIX with no coding,https://www.udemy.com/course/build-e-learning-platform-in-few-steps-using-wix/,Mokhtari Amine,5.0,6,1074,22,210.0,devel_nocode
How to build Web 3.0 apps with No-code?,https://www.udemy.com/course/how-to-build-web-30-apps-with-no-code/,Matteo Mosca,3.8,6,47,12,120.0,devel_nocode
AWS - Certified Welding Inspector- SMAW/PAW/GTAW Processes,https://www.udemy.com/course/american-welding-society-certified-welding-inspector-cwi/,Dr Faizuddin Syed,3.1,6,37,6,210.0,devel_nocode
15+ ways to make passive income online,https://www.udemy.com/course/freelancer-for-beginners-and-intermediates-in-freelancing/,Okikiola Emmanuel Omokanye,3.7,6,730,6,90.0,devel_nocode
Learn 5 Popular CMS of World. Web Development without Code,https://www.udemy.com/course/5-cms-all-websites-become-a-web-developer-without-coding/,JobboJ Courses,4.4,6,1152,105,1110.0,devel_nocode
How to Customize & Publish a Simple Website in One Day,https://www.udemy.com/course/launch-a-landing-page-and-start-collecting-leads-in-an-hour/,Michael Martin,4.6,6,21,18,60.0,devel_nocode
How To Start Building Pages & Funnels With Elementor,https://www.udemy.com/course/how-to-start-building-pages-funnels-with-elementor/,The Elite Team,3.4,5,917,18,90.0,devel_nocode
Build a ClassPass Clone with Adalo,https://www.udemy.com/course/building-class-pass-with-adalo/,Erik Goins,4.6,5,15,15,120.0,devel_nocode
Build Ecommerce Website like Amazon - No Coding Required,https://www.udemy.com/course/build-ecommerce-website-like-amazon-no-coding-required/,urban libraries,5.0,5,58,13,150.0,devel_nocode
Build a Premium Job Board Website With Wordpress,https://www.udemy.com/course/build-a-premium-job-board-website-with-wordpress/,Shashank Phatkure,5.0,5,501,11,41.0,devel_nocode
How To Make A Good Website With Wix,https://www.udemy.com/course/how-to-make-a-good-website-with-wix/,The Elite Team,4.2,5,859,41,60.0,devel_nocode
Create High Converting Real Estate website with WordPress,https://www.udemy.com/course/create-high-converting-real-estate-website-with-wordpress/,Shashank Phatkure,5.0,4,1022,12,60.0,devel_nocode
Build a Vehicle Inspection App with AppSheet,https://www.udemy.com/course/build-a-vehicle-inspection-app-with-appsheet/,Benjamin Anderson,4.9,4,23,27,180.0,devel_nocode
Learn How To Build A Website For Your Business Using WIX,https://www.udemy.com/course/learn-how-to-build-a-website-for-your-business-using-wix/,Chris Porter,4.4,4,18,31,210.0,devel_nocode
Wordpress Elementor Course: Develop Site Without Coding,https://www.udemy.com/course/wordpress-elementor-course-develop-site-without-coding/,Stephen Koel Soren,4.5,4,2001,11,210.0,devel_nocode
Create Personal Brand Niche Website without coding,https://www.udemy.com/course/create-personal-brand-niche-website-without-coding/,Being Commerce,5.0,3,11,11,60.0,devel_nocode
Website Creation Masterclass 2022: Using WordPress Elementor,https://www.udemy.com/course/complete-website-creation-mastery-2021-wordpress-elementor/,Rahul Arora,4.2,3,21,59,450.0,devel_nocode
CSC prep learning made easy with graphics & animations VOL 2,https://www.udemy.com/course/csc-prep-learning-made-easy-with-graphics-animations-vol-2/,L M V Ramamurthy,5.0,3,4,33,390.0,devel_nocode
Create A STUNNING Wix Website|Wix Website Tutorial,https://www.udemy.com/course/wix-website-tutorial/,Sam Dey,4.3,3,119,11,60.0,devel_nocode
The Complete Amazon Honeycode Course,https://www.udemy.com/course/the-complete-amazon-honeycode-course/,Common Aim,4.1,3,1056,19,90.0,devel_nocode
Creating a Time Limit game with Unity and Playmaker,https://www.udemy.com/course/creating-a-time-limit-game-with-unity-and-playmaker/,Wayne Troskie,3.7,3,37,25,300.0,devel_nocode
Build Income Making Blogging Website with WordPress FREE,https://www.udemy.com/course/build-income-making-blogging-website-with-wordpress-for-free/,Being Commerce,5.0,3,6,30,210.0,devel_nocode
App Development MADE EASY : A Glide Apps Course in Glideapps,https://www.udemy.com/course/app-development-made-easy-a-glide-apps-course-in-glideapps/,Akanbi Adedamola,4.1,3,26,5,90.0,devel_nocode
Wordpress for Beginners - Make  6 Different Websites Easily,https://www.udemy.com/course/wordpress-for-beginners-make-6-different-websites-easily/,Kalyanjit Hatibaruah,5.0,3,34,35,300.0,devel_nocode
Charge payments with Bubble & Stripe,https://www.udemy.com/course/charge-payments-with-bubble-stripe/,Team Copilot,3.8,3,34,19,90.0,devel_nocode
Create Personal Branding & Blogging Website without coding,https://www.udemy.com/course/create-personal-branding-blogging-website-without-coding/,Being Commerce,4.9,3,12,24,120.0,devel_nocode
"Beginners Guide to WordPress, Elementor & WooCommerce",https://www.udemy.com/course/beginners-guide-to-wordpress-elementor-woocommerce/,Being Commerce,4.6,3,14,35,240.0,devel_nocode
Create an App in a Snap without a single line of coding.,https://www.udemy.com/course/create-an-app-in-a-snap-without-a-single-line-of-coding/,Sridhar Iyer,4.9,3,58,12,120.0,devel_nocode
Building A Quora Clone With No-Code Using Bubble,https://www.udemy.com/course/building-a-quora-clone-with-no-code-using-bubble/,Lachlan Kirkwood,4.6,3,50,14,300.0,devel_nocode
Build Website like Facebook with WordPress - Simple & Easy,https://www.udemy.com/course/build-website-like-facebook-with-wordpress-simple-easy/,Being Commerce,5.0,3,11,15,90.0,devel_nocode
Your One-Stop Shop to Learn Webflow for Freelancing in 2022,https://www.udemy.com/course/your-one-stop-shop-to-learn-webflow-in-2022/,Akbar Bakhshi,4.7,2,33,59,1530.0,devel_nocode
"High Converting Landing Page With WordPress, CRM & Marketing",https://www.udemy.com/course/high-converting-landing-page-with-wordpress-crm-marketing/,Yishay Yosef,4.5,2,11,23,120.0,devel_nocode
Тhe secrets of the rich!,https://www.udemy.com/course/become-rich-very-rich-by-following-these-steps/,Rubbi Dim,4.2,2,2,7,60.0,devel_nocode
Learn Spring Boot: Create a CRUD application from scratch,https://www.udemy.com/course/learn-spring-boot-create-a-crud-application-from-scratch/,Prashant Sharma,4.5,2,29,25,120.0,devel_nocode
App Building for Non Coders and Beginners,https://www.udemy.com/course/appbuildingnotcoder/,Chicvoyage Productions,1.0,1,912,25,90.0,devel_nocode
SCRATCH Block Based Programming for Kids or Beginners,https://www.udemy.com/course/scratch-block-based-programming-tutorial-for-kids-or-beginners/,Subrat Dash - Tankadhar Training and Research Center,5.0,1,4,18,90.0,devel_nocode
Build Ecommerce Website For online Business with Wordpress,https://www.udemy.com/course/build-ecommerce-website-for-online-business-with-wordpress/,Being Commerce,5.0,1,12,17,120.0,devel_nocode
Become No-Code Artificial Intelligence Engineer: 15 Projects,https://www.udemy.com/course/become-no-code-artificial-intelligence-engineer-15-projects/,Chetan Sharma,3.0,1,33,24,330.0,devel_nocode
Create a no-code To-Do list app on Bubble.,https://www.udemy.com/course/create-a-no-code-to-do-list-app-on-bubble/,Levon Terteryan,5.0,1,15,14,360.0,devel_nocode
Divi Theme for WordPress - Create a one page business site,https://www.udemy.com/course/introduction-to-divi/,Sol Barrera Watters,3.5,1,7,30,150.0,devel_nocode
The Ultimate Digital Platform Blueprint Module7 and 8,https://www.udemy.com/course/the-ultimate-digital-platform-blueprint-module7-and-8/,Jeanine Osborne,4.5,1,3,8,60.0,devel_nocode
Build passive Income home Online Business using WordPress,https://www.udemy.com/course/earn-6-figure-passive-income-online-business-using-wordpress/,Sanjay Chauhan,5.0,1,2,32,270.0,devel_nocode
Learn how to create a cryptocurrency website on WordPress,https://www.udemy.com/course/learn-how-to-create-a-cryptocurrency-website-on-wordpress/,Tapishi Levis Tangunung,5.0,1,4,5,34.0,devel_nocode
Build & host a WordPress site loading in less than 1.5 secs.,https://www.udemy.com/course/build-fast-wordpress-website-seo-speed-optimization/,David Anttony,4.5,1,2,19,120.0,devel_nocode
Build FREE Ecommerce Website with WordPress & WooCommerce,https://www.udemy.com/course/build-free-ecommerce-website-with-wordpress-woocommerce/,Being Commerce,5.0,1,13,33,120.0,devel_nocode
Optimizing WYSIWYG Web Builder Websites for Search Engines,https://www.udemy.com/course/optimizing-your-wysiwyg-web-builder-websites-for-search-engines/,Ishmeal Lamptey,3.5,1,20,39,120.0,devel_nocode
"‘Make It Happen, The Life You’ve Always Wanted’",https://www.udemy.com/course/make-it-happen-the-life-youve-always-wanted/,David Jones,0.0,0,6,84,510.0,devel_nocode
Learn Complete WordPress & Create Your Own Website,https://www.udemy.com/course/learn-complete-wordpress-create-your-own-website/,Bharti Singhal,0.0,0,1,64,270.0,devel_nocode
Fundamentals of Coding and Programming with Scratch for Kids,https://www.udemy.com/course/fundamentals-of-coding-and-programming-with-scratch-for-kids/,Eduonix Learning Solutions,0.0,0,2,35,60.0,devel_nocode
Complete Bubble Plugin Development Course,https://www.udemy.com/course/bubbleplugin/,Ankur khandelwel,0.0,0,3,23,150.0,devel_nocode
Build your website with WordPress Gutenberg Editor,https://www.udemy.com/course/build-your-website-with-wordpress-gutenberg-editor/,Muhammad Razni Hashim,0.0,0,0,57,90.0,devel_nocode
Create Own Agency WordPress Website Using Elementor In 2021,https://www.udemy.com/course/create-own-agency-wordpress-website-using-elementor/,Sagar Sp,0.0,0,0,31,300.0,devel_nocode
How to Design & Host a Website with the Cost of a Pizza,https://www.udemy.com/course/how-to-design-host-a-website-with-the-cost-of-a-pizza/,Michael Adegoke,0.0,0,0,7,60.0,devel_nocode
Digital Transformation,https://www.udemy.com/course/digital-terms-the-world-of-the-future/,Anzera Learning Tech,0.0,0,167,21,60.0,devel_nocode
How To Setup A Website,https://www.udemy.com/course/how-to-setup-a-website/,Octavia Racy,0.0,0,1,11,60.0,devel_nocode
How To Build Your Website Without Coding In 48 Hours or Less,https://www.udemy.com/course/how-to-build-your-website-without-coding-in-48-hours-or-less/,Mark Emmanuel,0.0,0,3,30,150.0,devel_nocode
Create a WordPress Website and Sell Courses Online 2021,https://www.udemy.com/course/create-a-wordpress-website-and-sell-courses-online-2021/,M Faizan,0.0,0,5,39,330.0,devel_nocode
How To Build Your Website Without Coding In 48 Hours or Less,https://www.udemy.com/course/how-to-build-your-website-without-coding-in-48-hours-or-less/,Mark Emmanuel,0.0,0,3,30,150.0,devel_nocode
The Ultimate Wix Website design and development Mastery.,https://www.udemy.com/course/wixmasterclassbysid/,Siddharth Mohan,0.0,0,3,13,270.0,devel_nocode
How to Make a WordPress website Step by Step - No Coding,https://www.udemy.com/course/how-to-make-a-wordpress-website-quickly/,Saddam Kassim,0.0,0,1,13,120.0,devel_nocode
Complete Tutorial Creating Website in Wordpress in 1 hr,https://www.udemy.com/course/complete-tutorial-creating-website-in-wordpress-in-1-hr/,Sanjay Sharma,0.0,0,0,15,60.0,devel_nocode
Webflow Complete Course & SEO Tips: Beginner's Guide,https://www.udemy.com/course/webflow-complete-course-beginner-with-seo-tips/,Vishal Vira,0.0,0,3,20,90.0,devel_nocode
WordPress website creation from Scratch - A to Z,https://www.udemy.com/course/wordpress-website-creation-from-scratch-a-to-z/,Chandramouli Jayendran,0.0,0,2,24,180.0,devel_nocode
ExamPass:  AWS Certified Developer,https://www.udemy.com/course/exampass-aws-certified-developer/,Ruven Naidoo,0.0,0,3,0,,devel_nocode
Awesome Engineering and Science Projects for Kids: Part2,https://www.udemy.com/course/awesome-engineering-projects-for-kids-7-12-years/,Sumita Mukherjee,0.0,0,2,11,60.0,devel_nocode
Introduction To Blockchain,https://www.udemy.com/course/introduction-to-blockchain-y/,Kartik Gupta,0.0,0,1,7,31.0,devel_nocode
How to create a Wordpress site from scratch,https://www.udemy.com/course/how-to-create-a-wordpress-site-from-scratch/,Rukq Man,0.0,0,0,15,90.0,devel_nocode
Build websites without code using Carrd,https://www.udemy.com/course/carrd-tutorials/,Team Xperian,0.0,0,2,12,120.0,devel_nocode
Electric vehicle technology from scratch,https://www.udemy.com/course/electric-vehicle-technology-from-scratch/,Prabhuling Patil,0.0,0,1,10,60.0,devel_nocode
WP The Easy Way,https://www.udemy.com/course/wp-the-easy-way/,James Thomas,0.0,0,1,25,390.0,devel_nocode
Learn how to create minecraft servers,https://www.udemy.com/course/create-minecraft-servers/,Stoica Stefan,0.0,0,1,6,60.0,devel_nocode
Ultimate Guide to Use WordPress Gutenberg Editor (2022),https://www.udemy.com/course/ultimate-guide-to-use-wordpress-gutenberg-editor/,Sagar Jaiswal,1.0,2,2003,31,180.0,devel_nocode
Build A Responsive Website From Scratch - Master Wordpress,https://www.udemy.com/course/build-a-responsive-website-from-scratch-master-wordpress/,Mr.Isaac Osei Asante,0.0,0,0,18,180.0,devel_nocode
Salesforce tutorial: how to create apps in salesforce,https://www.udemy.com/course/salesforce-tutorial-how-to-create-apps-in-salesforce/,Dave Partner,0.0,0,1,7,90.0,devel_nocode
How to build a high performing website from scratch,https://www.udemy.com/course/how-to-build-a-high-performing-website-from-scratch/,Steph Hatt,0.0,0,0,49,120.0,devel_nocode
Create a One Page Website with Carrd!,https://www.udemy.com/course/carrd-tutorial/,David Utke,0.0,0,4,9,33.0,devel_nocode
Learn How To Build a Web Application Without Coding,https://www.udemy.com/course/learn-how-to-build-a-web-application-without-coding/,Ned Pajic,4.2,1299,33541,10,32.0,devel_nocode
Joomla: Create a Joomla Website This Weekend With NO CODING!,https://www.udemy.com/course/joomla-create-a-joomla-website-this-weekend-with-no-coding/,Christine Maisel,4.3,865,31517,30,120.0,devel_nocode
WIX Tutorial For Beginners - Make A Wix Website Today!,https://www.udemy.com/course/wix-website-tutorial-for-beginners/,Greg Gottfried,4.7,655,13551,7,60.0,devel_nocode
Free Website Builder /  Application Builder,https://www.udemy.com/course/build-website/,Manish Gupta,3.7,377,24960,16,120.0,devel_nocode
Beginner's Guide: Use Bubble to Build an App Without Coding,https://www.udemy.com/course/beginners-guide-use-bubble-to-build-an-app-without-coding/,Gaby Roman,4.5,330,8653,13,270.0,devel_nocode
Wordpress and Elementor Tutorials Masterclass,https://www.udemy.com/course/wordpress-and-elementor-pro-tutorials-masterclass/,Chetan K,4.3,318,9887,11,120.0,devel_nocode
Velo by Wix Part 1: Editor and Velo Basics,https://www.udemy.com/course/corvid-for-wix-part-1-editor-and-corvid-basics/,Will Fourie,4.9,214,3160,6,120.0,devel_nocode
How To Make A Web Page With No Code,https://www.udemy.com/course/how-to-make-a-web-page-with-no-code/,David Bentley,4.4,208,15206,23,120.0,devel_nocode
How to Make a WordPress Website (Drag & Drop Builder),https://www.udemy.com/course/how-to-make-a-wordpress-website-drag-drop-builder/,Hogan Chua,4.4,207,10955,22,150.0,devel_nocode
Build a Task Tracker App with AppSheet,https://www.udemy.com/course/build-a-task-tracker-app-with-appsheet/,Benjamin Anderson,4.7,184,1608,23,90.0,devel_nocode
Create a Portfolio Website on Blogger - NO CODING EXPERIENCE,https://www.udemy.com/course/create-professional-portfolio-website-on-blogger-no-coding/,MD AZHARUL ISLAM RAFY,4.7,157,10036,18,60.0,devel_nocode
Wordpress and Beaver Builder Quick Website Design Series,https://www.udemy.com/course/wordpress-and-beaver-builder-quick-website-design/,Dave Spicer,4.2,138,7310,9,60.0,devel_nocode
Wix Website Design - Go from Beginner to Pro in 1 Hour!,https://www.udemy.com/course/wix-tutorial/,Daragh Walsh,4.6,136,2626,18,60.0,devel_nocode
Elementor 2.0 Wordpress Essential Training to build websites,https://www.udemy.com/course/elementor-wordpress-essential-training/,Ankit Sharma,4.7,134,4872,22,120.0,devel_nocode
Elementor Page Builder - Complete Beginner's Guide,https://www.udemy.com/course/elementor-page-builder-complete-beginners-guide/,Michael Gates,3.9,108,3266,12,38.0,devel_nocode
How to Create a WordPress Website Using Elementor,https://www.udemy.com/course/how-to-create-a-wordpress-website-using-elementor/,Gvidas Maskoliunas,4.5,106,5808,19,120.0,devel_nocode
Create a Personal Brand Website without coding | 2021,https://www.udemy.com/course/create-a-personal-brand-website-without-coding/,Dheeraj Sharma,3.6,105,11586,14,60.0,devel_nocode
Velo by Wix Part 2: User Inputs and Data Basics,https://www.udemy.com/course/corvid-for-wix-part-2-user-inputs-and-data-basics/,Will Fourie,5.0,98,2013,13,120.0,devel_nocode
Velo by Wix Part 3: Dynamic Pages and Repeater Basics,https://www.udemy.com/course/corvid-for-wix-part-3-dynamic-pages-and-repeater-basics/,Will Fourie,4.3,67,1972,7,90.0,devel_nocode
WIX Website Tutorial for Complete Beginners: Zero To Expert,https://www.udemy.com/course/2020-wix-website/,Rebekah Chatman,3.7,58,5073,5,41.0,devel_nocode
Excel Automation using Uipath,https://www.udemy.com/course/excel-automation-using-uipath/,Mohammed Shahin,4.4,57,1295,21,90.0,devel_nocode
Build a Pro Website in 30 minutes with WordPress & Wix,https://www.udemy.com/course/build-a-pro-website-in-30-minutes/,Diego Davila • 650.000+ Students,4.6,51,3915,13,60.0,devel_nocode
Git & GitHub Complete Guide,https://www.udemy.com/course/git-n-github-complete-guide/,HuXn WebDev,4.5,49,3685,12,120.0,devel_nocode
EverWeb Website Builder: Create a Website Visually,https://www.udemy.com/course/everwebcourse/,EverWeb Learning Center,4.0,47,8924,33,120.0,devel_nocode
How to Create a Website With Zyro Website Builder,https://www.udemy.com/course/how-to-create-a-website-using-zyro-website-builder/,Gvidas Maskoliunas,4.5,37,3005,24,60.0,devel_nocode
Word Press Basics,https://www.udemy.com/course/how-to-design-wordpress-website/,Mohan Babu Vej,4.1,34,1890,12,120.0,devel_nocode
Build a WordPress Blog in No Time!,https://www.udemy.com/course/build-a-wordpress-blog-in-no-time/,Hasan Aboul Hasan,5.0,34,997,30,120.0,devel_nocode
Citizen Developers of Low-Code / No-Code,https://www.udemy.com/course/citizen-developers-of-low-code-no-code/,David Soden,4.5,31,740,14,90.0,devel_nocode
Wix Web Designing and Development Beginner to Pro,https://www.udemy.com/course/wix-web-designing-and-development-beginner-to-pro/,Muhammad Sufyan Ali,3.6,25,6789,15,150.0,devel_nocode
Quix Joomla Page Builder - Create Pixel Perfect Websites P1,https://www.udemy.com/course/quix-joomla-page-builder-create-pixel-perfect-websites-p1/,Mathew Tamin,3.9,24,2202,36,120.0,devel_nocode
How to Start a Blog - 2021 - (Self-Hosted WordPress Blog),https://www.udemy.com/course/how-to-start-a-blog-2021/,Martie Dread,4.4,20,1282,9,34.0,devel_nocode
Learn How To Build A Website On WordPress Using SEO,https://www.udemy.com/course/buildwordpress/,Emmaricia Madison,3.7,18,3303,7,60.0,devel_nocode
Easy Website Design with Google Sites,https://www.udemy.com/course/easy-website-design-with-google-sites/,Dr Gerard Boey Kong Hoong,4.4,16,714,13,90.0,devel_nocode
FOUNDATION COURSE ON THEORY OF COMPUTATION,https://www.udemy.com/course/foundation-course-on-theory-of-computation/,ASWIN Chandran,4.7,15,786,5,33.0,devel_nocode
How to install WordPress Website From Scratch - No Coding,https://www.udemy.com/course/how-to-install-wordpress-website-from-scratch-no-coding/,Being Commerce,4.2,14,769,16,60.0,devel_nocode
How To Make a Viral WordPress Blog & Ecommerce Website,https://www.udemy.com/course/how-to-make-a-viral-wordpress-blog-ecommerce-website/,RANA SINGH,4.5,13,1102,11,32.0,devel_nocode
LandingPage Design & Conversion Rate Optimization 2021 HINDI,https://www.udemy.com/course/landing-page-design-conversion-rate-optimization-2020/,Gaurav Agrawal,4.1,12,1582,6,90.0,devel_nocode
Blue Prism - Working with PDF,https://www.udemy.com/course/blue-prism-working-with-pdf/,Bytescout Academy,4.6,11,2237,7,32.0,devel_nocode
Build your web and mobile application with AWS Honeycode,https://www.udemy.com/course/build-your-web-and-mobile-application-with-aws-honeycode/,Harshit Srivastava,4.4,10,3436,11,60.0,devel_nocode
Create a Minimal Real Estate Website,https://www.udemy.com/course/create-a-minimal-real-estate-website/,Jinhoe Lian,4.4,9,1050,20,90.0,devel_nocode
Data Engineer: Prepare Financial Data for ML and Backtesting,https://www.udemy.com/course/data-engineer-prepare-financial-data-for-ml-and-backtesting/,Shaun McDonogh,4.8,8,960,16,90.0,devel_nocode
Lean Data Practices for Startups and Entrepreneurs,https://www.udemy.com/course/lean-data-practices/,Mozilla Lean Data Practices,4.1,5,573,34,120.0,devel_nocode
First Time Coders,https://www.udemy.com/course/first-time-coders/,Mike Merkur,4.5,4,966,36,60.0,devel_nocode
7 days course on how to build a chatbot with no code,https://www.udemy.com/course/7-days-course-on-how-to-build-a-chatbot-with-no-code/,Yanis Ideta,4.6,4,905,7,43.0,devel_nocode
Install and Configure Recommended Pro plugins For WordPress.,https://www.udemy.com/course/pro-wordpress-plugins/,Sagar Sp,4.6,2,811,8,90.0,devel_nocode
Success Series: Creating a blog to share knowledge,https://www.udemy.com/course/success2/,Yadvinder Singh,3.8,2,577,10,31.0,devel_nocode
Learning Your Google Count via Online Reputation Management,https://www.udemy.com/course/learning-your-google-count-via-online-reputation-management/,Dr. Dheeraj Mehrotra,4.0,1,310,10,44.0,devel_nocode
How To Make Blog In wordpress,https://www.udemy.com/course/how-to-make-blog-in-wordpress/,Rohit Marathe,0.0,0,415,14,90.0,devel_nocode
Create an Ecommerce Website with WordPress + Flatsome Part2,https://www.udemy.com/course/create-an-ecommerce-website-with-wordpress-flatsome-part2/,Wordpress Guru,0.0,0,400,12,60.0,devel_nocode
Emerging Telehealth Use in Pediatric Therapy,https://www.udemy.com/course/emerging-telehealth-use-in-pediatric-therapy/,Kirstan A DuBree,0.0,0,252,6,30.0,devel_nocode
Master Wordpress Quickly: In an hour-Become a Freelancer,https://www.udemy.com/course/master-wordpress-quickly-in-an-hour-become-a-freelancer/,Atul Chandra,0.0,0,614,20,90.0,devel_nocode
Create an Ecommerce Website with WordPress + Flatsome Part1,https://www.udemy.com/course/create-an-ecommerce-website-with-wordpress-flatsome-part1/,Wordpress Guru,0.0,0,646,16,120.0,devel_nocode
Curso Elementor Wordpress: Criando Sites com Elementor,https://www.udemy.com/course/curso-elementor-wordpress-essentials/,Rafael .CG + 5.000 alunos,4.6,974,3444,101,540.0,devel_nocode
Elementor PRO - Como Criar Temas Personalizados no WordPress,https://www.udemy.com/course/elementor-pro-como-criar-temas-personalizados-no-wordpress/,Viana Patricio,4.8,788,2289,27,210.0,devel_nocode
Wix : créez votre site web de A à Z sans coder !,https://www.udemy.com/course/creation-site-internet-wix/,Matthieu Blanco,4.4,300,1121,28,240.0,devel_nocode
WordPress 2021 vom Anfänger zum Profi,https://www.udemy.com/course/wordpress-2020-vom-anfanger-zum-profi/,Astrid Mähner,4.6,293,1701,72,720.0,devel_nocode
Introducción a Amazon Web Services (AWS),https://www.udemy.com/course/introduccion-a-amazon-web-services-aws/,Datapath .,4.1,265,18658,54,390.0,devel_nocode
Crear una Página Web En 2021 - Con WordPress Y Elementor,https://www.udemy.com/course/crear-una-pagina-web-en-2020/,Nicolas Melian,4.3,247,5096,25,120.0,devel_nocode
ノーコードで超速WEB制作　STUDIO学習完全パック（初級〜上級編）,https://www.udemy.com/course/studio-complete-pack/,おたろう STUDIOでノーコードWEB制作,4.7,221,1049,78,450.0,devel_nocode
初心者OK！プログラミング不要！WordPressウェブサイト制作入門講座,https://www.udemy.com/course/wp-beginner/,コウ 吉良,4.5,210,1016,46,270.0,devel_nocode
Elementor Completo | Do Zero ao Avançado (2 Projetos),https://www.udemy.com/course/curso-de-elementor/,Rafael Mota,4.4,200,1059,60,390.0,devel_nocode
Introducción a Google Cloud Platform,https://www.udemy.com/course/introduccion-a-google-cloud-platform/,Datapath .,2.5,199,20116,65,210.0,devel_nocode
Créez des sites & thèmes WordPress avec Elementor sans coder,https://www.udemy.com/course/creez-des-themes-wordpress-pro-avec-elementor-sans-coder/,Etienne de Saint Victor,4.6,187,993,47,270.0,devel_nocode
【WEBデザイン入門】プログラミング不要！Wixで本格的なWEBサイトを作ろう！サイト作成・公開・SEO対策まで。,https://www.udemy.com/course/wix-webdesignn/,渡部 学,4.3,155,822,59,210.0,devel_nocode
【Nocode】1時間半でBubbleの基礎を学ぼう,https://www.udemy.com/course/nocode_bubble2020/,あず まる,4.3,151,1390,22,90.0,devel_nocode
初心者OK！WordPress(ワードプレス)で自己ブランディングのためのお洒落なホームページ制作の方法を学ぼう。,https://www.udemy.com/course/wordpress-entry/,Atsushi Hamada （浜田 篤）,4.1,150,862,47,120.0,devel_nocode
Criar Sites Responsivos Sem Programar - Fácil e Rápido!,https://www.udemy.com/course/criar-sites-responsivos-sem-programar-facil-e-rapido/,Micael Petrucio,5.0,113,2556,22,120.0,devel_nocode
Crea tiendas y sitios web desde cero con Elementor Pro (2x1),https://www.udemy.com/course/elementor-pro/,Marco A,4.5,113,428,78,630.0,devel_nocode
Crea Paginas Web de Otro Planeta (Wordpress y Elementor),https://www.udemy.com/course/crea-paginas-web-de-otro-planeta-wordpress-y-elementor/,Miguel Aspiazu,4.4,101,5697,39,300.0,devel_nocode
Inteligencia Artificial Moderna con Cero Código,https://www.udemy.com/course/inteligencia-artificial-moderna-con-cero-codigo/,"Dr. Ryan Ahmed, Ph.D., MBA",4.8,100,752,69,870.0,devel_nocode
Elementor - Crie a sua Página de Vendas no Modelo da Hotmart,https://www.udemy.com/course/elementor-pagina-de-vendas-modelo-da-hotmart/,Yohan Simões Bravo,4.9,92,297,41,300.0,devel_nocode
Power Apps × Power Automate 超入門講座,https://www.udemy.com/course/power-apps-power-automate/,ヒョウノ モトハル,4.4,75,798,57,210.0,devel_nocode
Wix İle Sıfırdan Profesyonel İnternet Sitesi Kurulumu,https://www.udemy.com/course/wix-ile-eticaret-blog-ve-kurumsal-internet-sitesi-kurulumu/,Tolgahan Koyuncu,4.4,70,1593,41,330.0,devel_nocode
WiX: cómo crear páginas web increíbles paso a paso,https://www.udemy.com/course/crea-paginas-web-profesionales-sin-apenas-esfuerzo-con-wix/,Miguel López Moreno,4.5,66,300,64,810.0,devel_nocode
Maquetación web profesional con WordPress + Elementor Free,https://www.udemy.com/course/maquetacion-web-profesional-con-wordpress-elementor-free/,Daniel Sánchez Romero,4.1,64,530,55,420.0,devel_nocode
Programação de Robô Industrial de Solda,https://www.udemy.com/course/programacao-de-robo-industrial-de-soldagem/,Cássio Ribeiro,4.4,63,143,36,390.0,devel_nocode
初心者から始める！ノーコードでアプリ開発！| AppSheetの使い方マスター講座|1つのアプリができるまで,https://www.udemy.com/course/appsheet/,とと (jibun_dx),4.4,61,460,122,1260.0,devel_nocode
Curso de Power Apps aprenda criar seu próprio Aplicativo,https://www.udemy.com/course/curso-de-power-apps-aprenda-criar-seu-proprio-aplicativo/,Clevison Santos,4.7,61,319,66,690.0,devel_nocode
Introduccion a la programacion con PSeint,https://www.udemy.com/course/introduccion-a-la-programacion-con-pseint-o/,Juan Figueroa Trejo,4.6,60,6199,47,360.0,devel_nocode
Criando Apps Sem Programar Com Adalo,https://www.udemy.com/course/criando-apps-sem-programar-com-adalo/,Mauricio Longo,4.8,60,119,49,270.0,devel_nocode
UNITY & BOLT : Créer des jeux SANS CODER (visual scripting),https://www.udemy.com/course/unity-2020-bolt-creer-des-jeux-sans-coder-visual-scripting/,"Anthony Cardinale | C#, Unity, Blender, Unreal, Godot",4.7,59,259,35,360.0,devel_nocode
【完全版】Google AppSheet Automationマスター講座|業務プロセスをノーコードで自動化しよう,https://www.udemy.com/course/google-appsheet-automation/,とと (jibun_dx),4.6,58,571,102,630.0,devel_nocode
【RPA】プログラミングをせずにバックオフィス業務を自動化しよう！【UiPath StudioX 入門編】,https://www.udemy.com/course/uipath-studiox-basics-japanese-nocode-backoffice/,【仕事ハック】 レオナルド,4.2,56,433,56,180.0,devel_nocode
Curso iniciantes - Programação para Wix,https://www.udemy.com/course/curso-basico-de-wixcode/,Bad Drow,4.6,54,90,25,270.0,devel_nocode
プログラミング不要！WordPressとelementorで作るランディングページ製作講座,https://www.udemy.com/course/wp-elementor/,コウ 吉良,4.8,53,307,53,300.0,devel_nocode
Construye páginas web MODERNAS y PROFESIONALES con ELEMENTOR,https://www.udemy.com/course/construye-paginas-web-modernas-y-profesionales-con-elementor/,David Sáez Nova,4.2,53,172,42,240.0,devel_nocode
SELENIUM IDE: Pruebas Automatizadas sin Código (EN ESPAÑOL),https://www.udemy.com/course/selenium-ide-pruebas-automatizadas-sin-codigo-en-espanol/,Rodrigo Villanueva Nieto,4.7,51,150,62,300.0,devel_nocode
Визуальное программирование без кода. Basic Bubble developer,https://www.udemy.com/course/visual-programming/,Евгения Василенко,4.6,51,235,39,540.0,devel_nocode
KOD YAZMADAN MOBİL UYGULAMA YAPMA | Kodular Eğitim 〈 Ruwis 〉,https://www.udemy.com/course/kod-yazmadan-mobil-uygulama-yapma-kodular-egitim-seti/,Ömer Gündoğar,4.6,50,2366,51,660.0,devel_nocode
Aprenda Bubble No-Code do zero,https://www.udemy.com/course/aprenda-nocode-bubble-do-zero/,Silas da Silva Oliveira,3.9,50,229,76,930.0,devel_nocode
Augelab Studio No-Code Görüntü İşleme ve Yapay Zeka Eğitimi,https://www.udemy.com/course/augelab-studio-goruntu-isleme-ve-yapay-zeka-egitimi/,Yunus Emre Çelik,4.3,48,2350,37,210.0,devel_nocode
Crea la tecnología para tu startup sin programar con Bubble,https://www.udemy.com/course/tech-sin-programar/,Juan Pablo Velasquez,4.3,47,151,68,480.0,devel_nocode
احتراف تصميم المتاجر الالكترونية بإستخدام موقع يوكان,https://www.udemy.com/course/ucatrvpr/,Ahmed Ali,4.7,47,3665,18,120.0,devel_nocode
"Cómo Crear Apps Sin Programar, Monetizarlas y Promocionarlas",https://www.udemy.com/course/como-crear-apps-sin-programar-monetizarlas-y-promocionarlas/,ASOApp Company,4.1,46,806,64,240.0,devel_nocode
Creare il tuo negozio online da zero con Shopify (2021),https://www.udemy.com/course/corso-negozio-online-shopify/,Niccolo Gloazzo,4.4,45,379,15,60.0,devel_nocode
Corso per creare App senza essere programmatori Gratis,https://www.udemy.com/course/corso-per-creare-app-gratis/,Guglio Willa,4.4,44,216,42,120.0,devel_nocode
Inteligencia Artificial y Big Data con Power BI web services,https://www.udemy.com/course/inteligencia-artificial-y-big-data-con-power-bi-web-services/,Pedro Daniel Alcalá Rojas,4.3,43,320,50,300.0,devel_nocode
Curso de Wix 2022: Cómo Crear una Página Web Desde Cero,https://www.udemy.com/course/curso-de-wix-como-crear-paginas-web-increibles-paso-a-paso/,Renato Jesús Yacolca Neyra,4.3,41,2105,20,360.0,devel_nocode
【超入門】初心者向け｜Power Automate Desktop でWebスクレイピングするロボットを作成しよう,https://www.udemy.com/course/power-automate-desktop/,たらこ 事務職,4.0,40,333,10,32.0,devel_nocode
Elementor Free e Pro per Wordpress. Base ed Avanzato,https://www.udemy.com/course/elementor-free-wordpress-seo-addons-temi-contenuti/,Roberto Santoli,3.2,39,233,38,360.0,devel_nocode
"Crie sites, lojas e landing pages incríveis com Wordpress",https://www.udemy.com/course/wordpress-e-woocommerce-do-zero/,Marcleiton Almeida,4.5,39,198,277,1890.0,devel_nocode
Siberian CMS: crea y publica una app en play store/app store,https://www.udemy.com/course/siberian-cms-crea-y-publica-una-app-en-play-store-app-store/,G. Mizael Mtz Hdz,4.4,38,16809,69,210.0,devel_nocode
N8N Para Iniciantes,https://www.udemy.com/course/n8n-para-iniciantes/,Autotic - Automação de E-mail Marketing,4.5,37,444,25,120.0,devel_nocode
Wix - Criação de Websites - Completo,https://www.udemy.com/course/wix-completo/,Douglas Mendes Mariano,4.3,36,176,30,120.0,devel_nocode
Microsoft Kodu ile Oyun Kodlama,https://www.udemy.com/course/kodugamelab/,Erdinç DÖNMEZ,4.9,35,1313,60,510.0,devel_nocode
Làm phần mềm không cần code với Bubble qua dự án thực tế,https://www.udemy.com/course/lam-phan-mem-khong-can-code-voi-bubble-qua-du-an-thuc-te/,Khoa Nguyen,4.8,34,323,45,270.0,devel_nocode
Membuat Beragam Aplikasi Android Tanpa Koding via Andromo V3,https://www.udemy.com/course/membuat-beragam-aplikasi-android-tanpa-koding-via-andromo-v3/,Remote Worker Indonesia,4.7,31,358,65,300.0,devel_nocode
Curso avançado - Programação para Wix,https://www.udemy.com/course/curso-wixcode-pro/,Bad Drow,4.7,31,80,54,510.0,devel_nocode
Sıfırdan Kodlamasız E-Ticaret Sitesi Kurulumu,https://www.udemy.com/course/praakademi-sifirdan-kodlamasiz-e-ticaret-sitesi-kurulumu/,Pra Akademi,4.5,30,2967,35,240.0,devel_nocode
Quanten Computer für Einsteiger,https://www.udemy.com/course/quanten-computer-fur-einsteiger/,Alexandra Müller,3.7,29,215,31,270.0,devel_nocode
"Criando web site rápido, fácil e sem códigos com Mobirise",https://www.udemy.com/course/criando-web-site-rapido-facil-e-sem-codigos-com-mobirise/,Adail Viana Neto,4.2,28,136,32,210.0,devel_nocode
アイディアがあればOK！コードが書けなくてもモバイルアプリ開発ができるノーコードツール「Adalo」の使い方完全攻略,https://www.udemy.com/course/adaloadalo/,Shunsuke Hayashi,4.2,28,184,20,60.0,devel_nocode
Wie man eine Homepage oder einen Blog mit WordPress erstellt,https://www.udemy.com/course/wie-erstelle-ich-eine-homepage-oder-einen-blog-mit-wordpress/,mike omar,2.8,27,1555,5,90.0,devel_nocode
Wordpress & SEO: Eigene Blog Webseite in 45 MIN! (NO CODING),https://www.udemy.com/course/wordpress-seo-eigene-blog-webseite-in-45-min-no-coding/,Yupex Academy,3.7,26,1038,34,90.0,devel_nocode
Eplan Eğitimi (Örnek Projeli ve Açıklamalı Anlatım),https://www.udemy.com/course/eplan-egitimi-detayli-anlatim/,Hasan Ali ÖZKAYA,3.5,25,121,41,330.0,devel_nocode
Curso de Mobirise - Desenvolvendo Sites e Landing Pages,https://www.udemy.com/course/curso-de-mobirise-desenvolvendo-sites-e-landing-pages/,Rodolfo Nascimento,4.2,23,101,33,150.0,devel_nocode
Wix Meisterkurs 2021 : Der komplette Wix Kurs für Anfänger,https://www.udemy.com/course/wix-meisterkurs-der-komplette-wix-kurs-fur-anfanger/,Amar Tripathi,3.0,22,400,20,150.0,devel_nocode
Build Your Website with weebly - without Coding,https://www.udemy.com/course/build-your-website-without-coding/,Rikhil Nagpal,4.5,22,2510,10,60.0,devel_nocode
もう挫折しない「Bubble」| 最も丁寧なBubble講座[ノーコード],https://www.udemy.com/course/bubble-bubble/,Nocode Dojo,3.8,22,72,31,180.0,devel_nocode
Come creare una Landing Page e una Newsletter con Wordpress,https://www.udemy.com/course/landing-page-per-la-vendita-e-newsletter-email-marketing/,Edoardo Rinaldi,4.5,22,101,31,450.0,devel_nocode
Elementor Pro - Crea la tua prima pagina per Wordpress,https://www.udemy.com/course/elementor-pro-per-wordpress/,Maria Crucitti,3.8,22,81,10,60.0,devel_nocode
Curso Weebly 2022: Cómo Crear Una Página Web Desde Cero,https://www.udemy.com/course/curso-weebly-como-crear-una-pagina-web-desde-cero/,Renato Jesús Yacolca Neyra,4.4,21,2742,13,180.0,devel_nocode
Curso Wordpress para triunfar en Internet y ganar dinero ya,https://www.udemy.com/course/wordpress-para-crear-paginas-web-o-tu-blog-y-monetizacion/,Erasmo Cesar Ortuño Morales,3.7,21,856,20,90.0,devel_nocode
Corso completo di Bubble - Livello base,https://www.udemy.com/course/corso-completo-di-bubble-livello-base/,Senza Codice,4.0,20,74,22,600.0,devel_nocode
"Editor X, le CMS professionnel de Wix #editorx #editor x",https://www.udemy.com/course/editor-x-wix/,Joris Wagner,4.3,20,92,33,240.0,devel_nocode
WordPress Elementor - Criando sites profissionais do zero,https://www.udemy.com/course/wordpress-elementor-criando-sites-profissionais/,Matheus Fraga,4.1,19,89,43,240.0,devel_nocode
WordPressを使ってほぼ無料でECサイトを作成する方法,https://www.udemy.com/course/wordpress-homepage-for-free/,根本耕輔 @KCLUB MARKETING,4.5,19,130,29,120.0,devel_nocode
Crea Tu Sitio Web con Wordpress + Elementor Curso Completo,https://www.udemy.com/course/curso-completo-crea-un-sitio-web-con-wordpress-elementor/,Natanael Echegaray,4.0,19,70,39,300.0,devel_nocode
Páginas de Vendas com Wordpress - O Curso Completo,https://www.udemy.com/course/paginadevendas/,Emerson Patron,3.3,19,61,37,210.0,devel_nocode
Créez un site moderne et professionnel avec WordPress 5,https://www.udemy.com/course/creez-un-site-avec-wordpress/,Dr. Firas | Machine Learning et Big Data,4.5,18,658,73,510.0,devel_nocode
Automatização de Processos sem Programação e sem Gastar nada,https://www.udemy.com/course/automatizacao-de-processos-sem-programacao-e-sem-gastar-nada/,Felipe Person Malta,4.8,18,69,46,330.0,devel_nocode
Elementor Proを使いWordPressでECサイトを作成する方法,https://www.udemy.com/course/elementor-pro-ecommerce/,根本耕輔 @KCLUB MARKETING,4.8,17,119,35,120.0,devel_nocode
Neumática Básica,https://www.udemy.com/course/neumatica-basica/,Crox Global Technology,4.8,17,58,27,120.0,devel_nocode
【初心者向け】50分でジンドゥー(Jimdo)を使いこなしホームページを作成する実践講座,https://www.udemy.com/course/jimdofree/,岡本宗一郎 (Soichiro Okamoto),4.8,17,186,36,60.0,devel_nocode
Jimdo Creator Webdesign - Erstelle deine Website von A - Z,https://www.udemy.com/course/jimdo-creator-erstelle-deine-eigene-website/,Christian Durrer,4.6,16,115,65,390.0,devel_nocode
ノーコードツール Adalo でlinktree clone アプリを作る,https://www.udemy.com/course/adalo-linktree-clone/,Shunsuke Hayashi,3.8,16,95,11,60.0,devel_nocode
Arduino ile Adım Adım Robotik Kodlama,https://www.udemy.com/course/arduino-ile-robotik-kodlama-baslangc-seviye-kursu/,Öğrenme Ağacı,4.2,16,77,28,210.0,devel_nocode
Mobirise 4 - Crie um site responsivo em poucas horas,https://www.udemy.com/course/mobirise-4/,WANDERSON DE JESUS APARECIDO,4.0,15,42,60,480.0,devel_nocode
WordPressを使ってほぼ無料で会員サイトを作成する方法,https://www.udemy.com/course/wordpress-membership-website/,根本耕輔 @KCLUB MARKETING,4.8,15,120,81,210.0,devel_nocode
Wix副業デザインコース【在宅副業におすすめ】,https://www.udemy.com/course/wix_side_business_design_course/,迫　俊太 (Shunta Sako),4.3,15,92,63,360.0,devel_nocode
Advance level of blogging course in हिंदी,https://www.udemy.com/course/advance-level-of-blogging-course-in-hindi/,Mohit Sharma,4.2,14,729,26,120.0,devel_nocode
GDevelop 5: Spieleentwicklung für Anfänger (2D Plattformer),https://www.udemy.com/course/gdevelop-5-spieleentwicklung-fur-anfaenger-2d-plattformer/,Stefan Bachmeier,4.9,14,56,34,210.0,devel_nocode
Wordpress virtualizado + Elementor Grátis,https://www.udemy.com/course/virtualbox-wordpress-plugin-elementor-ambiente-completo/,Paulo Henrique da Costa Barbosa,4.2,14,766,11,90.0,devel_nocode
Termux para principiantes,https://www.udemy.com/course/termux-para-principiantes/,Onan Gabriel Hernández,3.8,14,1911,21,120.0,devel_nocode
Elementor ProでLP（ランディングページ）を作成する方法,https://www.udemy.com/course/elementor-pro-landing-page/,根本耕輔 @KCLUB MARKETING,4.3,15,193,23,90.0,devel_nocode
Desenvolvimento NoCode com o Maker Studio,https://www.udemy.com/course/desenvolvimento-maker-studio/,Softwell Solutions,4.8,13,42,101,1110.0,devel_nocode
アプリ間通知や共有をノーコードで自動化! 会社員のためのZapierハンズオン研修会,https://www.udemy.com/course/zapier-automation/,セム Mayumi Shinya,4.7,13,101,16,90.0,devel_nocode
Diseño de sitios web con Mobirise,https://www.udemy.com/course/disena-tu-sitio-web-con-mobirise/,Juan Carlos Guerrero Pérez,4.4,13,52,33,150.0,devel_nocode
Domine o elementor,https://www.udemy.com/course/domine-o-elementor/,Vejaeaprenda Treinamentos em Software,3.8,12,72,23,180.0,devel_nocode
ノーコードで起業するための完全ガイド | Bubbleの基本操作＋要件定義＋実践開発,https://www.udemy.com/course/bubble-q/,Nocode Dojo,3.2,12,106,41,330.0,devel_nocode
Le guide complet des 30 meilleurs plugins WordPress,https://www.udemy.com/course/le-guide-complet-les-meilleurs-plugins-wordpress/,Dr. Firas | Machine Learning et Big Data,4.5,12,1361,47,390.0,devel_nocode
Les bases d'Airtable,https://www.udemy.com/course/bases-airtable/,Noam Say,4.9,12,27,151,510.0,devel_nocode
Crea una web como AMAZON o EBAY con WordPress y WooCommerce,https://www.udemy.com/course/crea-una-web-como-amazon-ebay-con-wordpress/,Kenneth Trigueros Ramírez,4.7,12,169,34,300.0,devel_nocode
【完全攻略】WordPressブログ構築マスターコース,https://www.udemy.com/course/wordpress-blog-master/,カトー ヒサヨシ,4.6,11,97,56,270.0,devel_nocode
Electroneumática Proporcional,https://www.udemy.com/course/curso-de-electroneumatica-proporcional/,Crox Global Technology,4.5,11,68,52,300.0,devel_nocode
Bubble/io - No-Code Webapps wie Reddit und Tinder,https://www.udemy.com/course/bubble-io/,Daniel Wintermeyer,3.4,10,56,24,360.0,devel_nocode
WordPress Elementor Pro | De Débutant à Expert 2022,https://www.udemy.com/course/formation-wordpress-elementor-pro/,Dr. Firas | Machine Learning et Big Data,4.7,10,371,35,270.0,devel_nocode
Automação Completa no QGIS,https://www.udemy.com/course/automacao-completa-no-qgis/,Herbert Lincon Rodrigues Alves dos Santos,4.6,10,107,97,630.0,devel_nocode
業務課題をアプリで解決！ノーコードアプリ開発マスター講座｜課題明確化からアプリ企画・設計まで,https://www.udemy.com/course/nocode_designing/,とと (jibun_dx),4.8,9,157,65,270.0,devel_nocode
Crea tu pagina web PROFESIONAL con WordPress y Elementor,https://www.udemy.com/course/crea-tu-pagina-web-profesional-con-wordpress-y-elementor/,Balta CM,4.3,9,1009,28,240.0,devel_nocode
"Aplicativos Android, IOS e PWA com Adalo",https://www.udemy.com/course/adalo-integromat/,Matheus G. Spartalis,4.6,9,48,9,150.0,devel_nocode
【ブログ】Wordpressブログをはじめる方法！初心者のあなたの為に、ゼロからブログの立ち上げ方を徹底解説したコース,https://www.udemy.com/course/start-wordpress/,藤本 瞳,5.0,9,359,88,270.0,devel_nocode
なぞってつくるランディングページWix基礎講座【在宅副業におすすめ】,https://www.udemy.com/course/wix-basic-course/,迫　俊太 (Shunta Sako),4.7,9,56,26,90.0,devel_nocode
Unreal Engine 4: Sistema de inventário e sobrevivência,https://www.udemy.com/course/sistema-de-inventario-unreal-engine-4/,Willian Ferreira da Rocha,4.3,9,68,34,660.0,devel_nocode
Clonando o Mercado Livre no Bubble,https://www.udemy.com/course/clonando-o-mercado-livre-no-bubble/,Silas da Silva Oliveira,4.5,9,46,24,360.0,devel_nocode
Seguridad y Privacidad en Telegram. Crea bots sin Programar.,https://www.udemy.com/course/seguridad-privacidad-en-telegram-crea-bots-sin-programar/,Alvaro Chirou • 430.000+ Students Worldwide,3.8,9,1029,69,270.0,devel_nocode
ノーコードBubbleで『ツイッター』を作ろう！ | ツイート作成、フォロー、メッセージ機能を実装します。,https://www.udemy.com/course/bubble-w/,Nocode Dojo,4.4,9,49,52,300.0,devel_nocode
Elementor créer un site web Wordpress sans coder,https://www.udemy.com/course/elementor-creer-un-site-web-wordpress-sans-coder/,Nicolas Forgue,3.9,9,49,108,900.0,devel_nocode
WordPressを使ってほぼ無料でホームページを作成する方法,https://www.udemy.com/course/how-to-make-homepage-using-wordpress-for-free/,根本耕輔 @KCLUB MARKETING,4.7,8,62,17,90.0,devel_nocode
كورس تصميم موقع علي جوجل google sites  من البداية للنهاية,https://www.udemy.com/course/google-sites-aminalmitwali/,Amin almitwaliy,4.7,8,317,13,90.0,devel_nocode
はじめてのGoogle AppSheet入門 - ノーコード開発を体験しよう【2022年最新版】,https://www.udemy.com/course/google-app-sheet/,中村 祐太 Yuta Nakamura,4.4,8,126,30,90.0,devel_nocode
ゼロからのLearnDashの使い方プログラム,https://www.udemy.com/course/how-to-use-learndash/,根本耕輔 @KCLUB MARKETING,4.8,8,65,72,180.0,devel_nocode
Wordpress: Web Site Tasarımı Eğitimi Uygulamalı (Elementor),https://www.udemy.com/course/wordpress-surukle-ve-birak-yontemi-ile-web-site-yapimi/,Naci GÜRZ,4.7,8,72,41,330.0,devel_nocode
Elementor - от новичка до профи,https://www.udemy.com/course/ab-elementor/,Anfisa Breus,5.0,7,31,111,1380.0,devel_nocode
かんたん！先人の失敗から学ぶGit講座,https://www.udemy.com/course/git-learning/,大塚 浩史,4.4,7,40,18,60.0,devel_nocode
تعلم الريسكين الاحترافي للألعاب والتطبيقات للاندرويد,https://www.udemy.com/course/reskin_app/,ELsayed Sami kamal,4.7,7,24,21,120.0,devel_nocode
WordPress【2022】-免費創作屬於你的網站!! - 繁體中文,https://www.udemy.com/course/wordpressjohn01/,JOHN Chang,4.4,7,11,30,120.0,devel_nocode
文系の初心者でも出来た！WordPress5.x対応ブログの作り方インストールから公開まで超図解 入門編【わかりやすい】,https://www.udemy.com/course/wordpress-introductory-edition/,よこやま 良平,5.0,6,36,23,60.0,devel_nocode
Herkes için Arduino,https://www.udemy.com/course/sifirdan-arduino-ogrenin-mblock-5-ve-tinkercad-simulator/,İlker Özer,4.2,6,19,67,240.0,devel_nocode
WORDPRESS & ELEMENTOR comme un Pro | 2en1 en 72 Sessions,https://www.udemy.com/course/lintegralite-du-tableau-de-bord-de-wordpress/,Walid Doulache,4.2,6,300,72,450.0,devel_nocode
Make A Wix Website Today - صمم موقعك علي ويكس الان,https://www.udemy.com/course/make-a-wix-website-today/,ahmed moniem,4.5,6,478,6,60.0,devel_nocode
Ontwerp je eigen website met Divi,https://www.udemy.com/course/ontwerp-je-eigen-website-met-divi/,Kim Raes,4.6,6,40,58,360.0,devel_nocode
WordPressを使ってほぼ無料でコミュニティーサイトを作成する方法,https://www.udemy.com/course/wordpress-buddypress/,根本耕輔 @KCLUB MARKETING,4.1,6,31,73,150.0,devel_nocode
קורס לבניית  אתר סחר (חנות מקוונת) בוויקס (WIX),https://www.udemy.com/course/wix-stores/,Danny Navon,4.7,6,19,9,90.0,devel_nocode
Power Appsを使いこなして社内DXを実現しよう！（入門編）,https://www.udemy.com/course/power-appsdx/,杏樹 青木,3.6,6,52,38,270.0,devel_nocode
Como fazer seu Website no Wix,https://www.udemy.com/course/como-fazer-seu-website-no-wix-comschool/,ComSchool Cursos,4.5,6,9,10,90.0,devel_nocode
WordPressを使ってほぼ無料で掲示板サイトを作成する方法,https://www.udemy.com/course/wordpress-bbpress/,根本耕輔 @KCLUB MARKETING,3.7,5,13,64,120.0,devel_nocode
初心者にわかりやすいWordPress固定ページ作成方法と投稿の仕方【基礎講座】,https://www.udemy.com/course/wordpress-create-page/,よこやま 良平,4.9,5,73,16,60.0,devel_nocode
Pengantar Machine Learning untuk Level Dasar,https://www.udemy.com/course/pengantar-machine-learning-untuk-level-dasar/,Jubilee Enterprise,4.4,5,19,37,180.0,devel_nocode
【ノーコード】AppSheet講座 Step2：お小遣い帳アプリを作ろう,https://www.udemy.com/course/appsheet-step2/,ノーコード 自習室,4.3,5,17,13,60.0,devel_nocode
【超初心者向け】Wixで簡単お洒落なWEBサイトを作成しよう！ノーコードで作れる圧巻のホームページ（HP制作）！,https://www.udemy.com/course/wix_site/,ヤスダ 先生,3.9,5,54,15,38.0,devel_nocode
Google AppSheet. Приложение из Excel таблицы.,https://www.udemy.com/course/google-appsheet-excel/,Aleksandr Mazurin,4.0,5,9,11,60.0,devel_nocode
「速習！超初心者向けホームページ作成講座」HTML不要。Jimdoなら作成経験無しでも１日でホームページが作れます,https://www.udemy.com/course/itjimdo-hp/,前原 恵美子,3.6,5,16,27,120.0,devel_nocode
Online Marketing: Landing Page erstellen mit Wordpress!,https://www.udemy.com/course/landingpage-wordpress/,Sebastian Glöckner,5.0,5,1018,18,240.0,devel_nocode
"『ノーコード開発コンプリートコース』 | 実践的なアプリを作りながらBubble,Adalo,Webflowを学ぼう",https://www.udemy.com/course/adalo-adalo/,Nocode Dojo,4.3,5,73,27,210.0,devel_nocode
Webflow İle Hiç Kod Yazmadan Web Sitesi Tasarlama,https://www.udemy.com/course/webflow-egitim-seti/,Ramazan GÜLER,5.0,5,88,32,210.0,devel_nocode
Erstelle eine Website mit Jimdo - inkl. Erweiterungen,https://www.udemy.com/course/erstelle-eine-website-mit-jimdo-inkl-erweiterungen/,Mathias Neubert,4.9,4,40,17,150.0,devel_nocode
Adaloで1日でアプリを作っちゃおう! ノーコードアプリ講座 〜チャットアプリ編〜,https://www.udemy.com/course/adalochat/,kan .,3.9,4,11,11,60.0,devel_nocode
Créer son site sans connaissances avec Wordpress & Elementor,https://www.udemy.com/course/site-facile-avec-wordpress-et-elementor/,Thomas CHEVALIER,3.7,4,12,41,270.0,devel_nocode
Curso completo Criar blog de vídeos do youtube - Wordpress,https://www.udemy.com/course/curso-completo-criar-blog-de-videos-do-youtube-wordpress/,Kildary Oliver,5.0,4,11,27,150.0,devel_nocode
Un site internet PRO en moins de 3h00 à moindre cout,https://www.udemy.com/course/un-site-internet-pro-en-moins-de-3h00-a-moindre-cout/,Thi Bow,4.8,4,17,33,330.0,devel_nocode
Crea tu Tienda en WordPress y tu marca de ropa con Printful,https://www.udemy.com/course/crea-tu-tienda-en-wordpress-y-tu-marca-de-ropa-con-printful/,Juan Centeno,4.7,4,27,46,420.0,devel_nocode
Curso de Desenvolvimento de aplicativos com Glide Apps,https://www.udemy.com/course/curso-de-desenvolvimento-de-aplicativos-com-glide-apps/,Carlos Bitencourt,5.0,4,15,14,300.0,devel_nocode
【超初心者向け】プログラミング不要！WordPressウェブサイト制作入門講座,https://www.udemy.com/course/wordpress-nocode-beginner/,柳岡 亮,3.8,4,58,47,120.0,devel_nocode
【簡単・挫折しない】パソコン初心者が驚くほど短時間で、しかも無料でプロ並みのホームページが作れる！Jimdoの使い方,https://www.udemy.com/course/jimdocreate/,みな 斉藤（Mina Saitou）,5.0,4,10,20,60.0,devel_nocode
كيف تقوم بعمل موقع إلكتروني في يوم واحد فقط,https://www.udemy.com/course/websitesmaking/,عبدالله أديب,4.4,4,50,6,120.0,devel_nocode
文系の初心者でも出来た！仕事でも使えるWordPress5.x対応 初心者が絶対に入れるべき7つのプラグインと使い方,https://www.udemy.com/course/wordpress-plugin-setting/,よこやま 良平,4.4,4,57,14,60.0,devel_nocode
Android Apps Development Course for Beginners without Coding,https://www.udemy.com/course/android-apps-development-course-for-beginners-without-coding/,Bibek Kumar Bhagat,4.5,3,647,24,120.0,devel_nocode
KATALON RECORDER :Pruebas Automatizadas sin Código (ESPAÑOL),https://www.udemy.com/course/katalon-recorder-pruebas-automatizadas-sin-codigo-espanol/,Rodrigo Villanueva Nieto,3.8,3,9,44,240.0,devel_nocode
คอร์ส WordPress สำหรับผู้เริ่มต้น สร้างเว็บไซต์ขั้นพื้นฐาน,https://www.udemy.com/course/wordpress-for-beginner-thai/,Pakasit Worracharoen,4.7,3,16,20,210.0,devel_nocode
PETROLEUM AND GAS . CONSULTE  75 9 9904-2851,https://www.udemy.com/course/petroleo-e-gas/,Josevan Batista 75 99904-2851 Santos,1.9,3,3,0,,devel_nocode
プログラミングの仕組みを学ぶ、ブロックプログラミング パズル,https://www.udemy.com/course/learn_how_programming_works/,高見 知英,3.7,3,10,21,120.0,devel_nocode
Como Criar um Blog no Wordpress Passo a Passo,https://www.udemy.com/course/wordpress-como-criar-um-blog-passo-a-passo/,Kildary Oliver,5.0,3,4,44,150.0,devel_nocode
Arduino ile Adım Adım Robotik Kodlama 2. Seviye,https://www.udemy.com/course/arduino-ile-adm-adm-robotik-kodlama-2-seviye/,Öğrenme Ağacı,5.0,3,6,32,420.0,devel_nocode
『Bubbleで画像共有プラットフォームを構築しよう』Pixabayのようなサービスを開発します。,https://www.udemy.com/course/bubblepixabay/,Nocode Dojo,4.3,3,17,47,300.0,devel_nocode
初心者でも挫折しない、ブロックプログラミングで学ぶプログラミングの仕組み,https://www.udemy.com/course/aucnzsxc/,乃梨子 小野,4.8,3,17,64,420.0,devel_nocode
暗黑部落格行銷術,https://www.udemy.com/course/wiwweqaf/,威廉 老師,2.2,2,5,12,240.0,devel_nocode
WebFácil: Crie sites com Wordpress e Elementor,https://www.udemy.com/course/webfacil-aprenda-a-criar-sites-com-wordpress-e-elementor/,Luiz Ladeira,5.0,2,15,48,420.0,devel_nocode
"Kodular, Appİnvertor Android uygulama geliştirin",https://www.udemy.com/course/kodlama-bilmeden-mobil-uygulama-gelistirin/,Ahmet Bora,5.0,2,7,79,420.0,devel_nocode
【ノーコード】 Microsoft Power Apps講座 STEP2：食べ歩き記録アプリ『ラーメンログ』を作ろう！,https://www.udemy.com/course/microsoft-power-apps-step2/,ノーコード 自習室,4.5,2,19,22,120.0,devel_nocode
Crea Sistemas para Taller Mecánico/Automotriz PHP JavaScript,https://www.udemy.com/course/crea-sistemas-para-taller-mecanicoautomotriz-php-javascript/,Fernando Sánchez,1.0,2,18,12,60.0,devel_nocode
Bloggen mit WordPress: Leser gewinnen und Geld verdienen,https://www.udemy.com/course/bloggen-mit-wordpress-leser-gewinnen-und-geld-verdienen/,Dominik Panosch,5.0,2,16,29,240.0,devel_nocode
Dominando Elementor - La guía definitiva 2022 (Nivel 1),https://www.udemy.com/course/dominando-elementor-2022-n1/,Klinsmann Fabian,4.2,2,5,48,300.0,devel_nocode
בניית אתרים ועמודי נחיתה ב-WordPress & Elementor,https://www.udemy.com/course/wp-elementor-full-course/,Menash Bouhadana,5.0,2,9,31,120.0,devel_nocode
WordPress für Anfänger 2022: Website erstellen mit Enfold,https://www.udemy.com/course/wordpress-fur-anfanger-website-erstellen-mit-enfold/,Dominik Panosch,5.0,2,22,37,180.0,devel_nocode
【ノーコード】.bubble講座 Step2：データベースを使う,https://www.udemy.com/course/bubble-step2/,ノーコード 自習室,5.0,2,9,20,90.0,devel_nocode
คอร์สสอนสร้างเว็บไซต์ ขายของออนไลน์ พร้อมระบบรับชำระ เพิ่มสิ,https://www.udemy.com/course/make-you-web-store/,Worawut Chaopradit,4.8,2,12,53,300.0,devel_nocode
Electrohidráulica Proporcional,https://www.udemy.com/course/electrohidraulica-proporcional/,Crox Global Technology,3.2,2,18,41,180.0,devel_nocode
Scratch For Begginers | سكراتش للمبتدئين,https://www.udemy.com/course/l3-scratch-for-begginers/,Asmaa Abo-amra,1.0,1,7,48,480.0,devel_nocode
Aprenda JIT - Macro para Automações,https://www.udemy.com/course/jit-master/,Luan Maurício de Oliveira Gundim,4.5,1,1,8,90.0,devel_nocode
Unity Bolt - визуальное программирование,https://www.udemy.com/course/unity-bolt-itd/,Исмаил Усеинов,2.0,1,10,14,180.0,devel_nocode
تعلم الريسكين الاحترافي للألعاب علي محرك يونتي,https://www.udemy.com/course/unity_reskin/,ELsayed Sami kamal,5.0,1,7,14,90.0,devel_nocode
تركيب وتعديل قالب بلوجر احترافي Edit blogger template,https://www.udemy.com/course/blogger-template/,Abdllrahman yasser,5.0,1,1,5,35.0,devel_nocode
【初心者向け】Adaloで1日でアプリを作っちゃおう! ノーコードアプリ講座 〜ToDo編〜,https://www.udemy.com/course/adalo-todo/,kan .,5.0,1,3,10,36.0,devel_nocode
Aplicativo Cardapio Digital,https://www.udemy.com/course/aplicativo-cardapio-digital/,Lucas Souza,2.5,1,2,8,60.0,devel_nocode
Dein eigener Internetshop und dies mit kostenlosen Mitteln,https://www.udemy.com/course/dein-eigener-internetshop-und-dies-mit-kostenlosen-mitteln/,Mario Biermann,3.0,1,2,7,60.0,devel_nocode
Bubble - Desenvolvedor de Plugins Bubble,https://www.udemy.com/course/bubble-desenvolvedor-de-plugins-bubble/,Robson Regis Rodrigues,5.0,1,15,49,960.0,devel_nocode
Como criar Landing Pages,https://www.udemy.com/course/como-criar-landing-pages/,Vitor Cruz,5.0,1,7,16,120.0,devel_nocode
தமிழ் வழியில் பேஜ்மேக்கர் கற்றுக்கொள்ளுங்கள்,https://www.udemy.com/course/learnpagemaker/,Shiva G,5.0,1,6,88,660.0,devel_nocode
Elementorをより使いこなすための講座,https://www.udemy.com/course/elementor-advanced/,根本耕輔 @KCLUB MARKETING,5.0,1,15,28,90.0,devel_nocode
Typecho个人博客搭建,https://www.udemy.com/course/typecho-t/,jianping shen,0.0,0,0,7,41.0,devel_nocode
شاپیفائی ڈاپشپنگ ویب ڈیویلپمنٹ ماسٹر کلاس 2021,https://www.udemy.com/course/build-an-ecommerce-dropshipping-web-using-shopify/,Agha Mohsin Ali Khan,0.0,0,0,5,90.0,devel_nocode
WordPress | Alcançar +90 Pontos no Google PageSpeed Insights,https://www.udemy.com/course/wordpress-alcancar-90-pontos-no-google-pagespeed-insights/,Weverton Henrique Pansan de Araujo,0.0,0,1,14,90.0,devel_nocode
Google AppSheet. Расширенный курс.,https://www.udemy.com/course/google-appsheet-extended/,Aleksandr Mazurin,0.0,0,2,16,90.0,devel_nocode
Aprenda Criar Sites Profissionais no WordPress com Elementor,https://www.udemy.com/course/aprenda-criar-sites-profissionais-no-wordpress-com-elementor/,Gustavo Ribeiro,0.0,0,2,28,42.0,devel_nocode
WordPress für Einsteiger: Websites in der Cloud erstellen,https://www.udemy.com/course/wordpress-fur-einsteiger-websites-in-der-cloud-erstellen/,Patrick Gruenauer,0.0,0,2,35,180.0,devel_nocode
برمجة تطبيقات الموبايل بدون كود,https://www.udemy.com/course/appmaker/,Aras Mahmoud,0.0,0,1,15,270.0,devel_nocode
Maîtriser Google Appsheet,https://www.udemy.com/course/maitriser-google-appsheet/,Mamy TOMBOZAFY,0.0,0,2,52,360.0,devel_nocode
Curso Elementor : Criando Sites com Elementor na Prática,https://www.udemy.com/course/curso-elementor-criando-sites-com-elementor-na-pratica/,Jeferson Augusto Conceição Silva,0.0,0,1,17,90.0,devel_nocode
Desktop & Mobile apps + apk | التحويلات البرمجية (حصري),https://www.udemy.com/course/desktop-mobile-apps-apk-rakwan/,المبرمج العربي,0.0,0,5,20,120.0,devel_nocode
ワードプレスを使わない【初めてのブログ作成】と【ライティングスキル・収益化の方法】を手に入れる講座,https://www.udemy.com/course/first-blog/,めいさん （ぶろぐライフ）,0.0,0,0,10,90.0,devel_nocode
Learn How to manage Cpanel Software | বাংলা ভাষায় শিখুন।,https://www.udemy.com/course/learn-how-to-manage-cpanel-software/,Ratul Kumar Sen,0.0,0,1,16,150.0,devel_nocode
קורס להעלאת אתר וויקס לאוויר (WIX),https://www.udemy.com/course/wix-upload-he/,Oren Gelbendorf,0.0,0,4,6,34.0,devel_nocode
Créez votre site internet professionnel en 5 jours,https://www.udemy.com/course/creez-votre-site-internet-professionnel-en-5-jours/,Michael Mourtialon,0.0,0,0,15,60.0,devel_nocode
Dominando Divi - Cómo Crear Un Funnel o Embudo de Ventas,https://www.udemy.com/course/dominando-divi-como-crear-un-funnel-o-embudo-de-ventas/,Klinsmann Fabian,0.0,0,0,38,360.0,devel_nocode
Crie o seu site em 1 hora!,https://www.udemy.com/course/crie-o-seu-site-em-1-hora/,Leibniz de Souza,0.0,0,0,11,90.0,devel_nocode
Aprende diseño de formularios de Windows (GUI),https://www.udemy.com/course/como-disenar-forms-modernos/,Erwin Rodriguez,0.0,0,1,5,120.0,devel_nocode
สอนทำSalepage ขายของออนไลน์ สร้างเว็บเองได้ภายใน 1.2 ชั่วโมง,https://www.udemy.com/course/salepage-12/,Jakapop Jamratsamee,0.0,0,0,10,60.0,devel_nocode
Comment créer une boutique en ligne rentable avec Zéro code?,https://www.udemy.com/course/comment-creer-une-boutique-en-ligne-rentable-avec-zero-code/,E-Learning Innovation | Formateur certifié (France),0.0,0,0,33,90.0,devel_nocode
Créer un site Web en 1h pour les débutants,https://www.udemy.com/course/creervotresitewordpress/,Cédric Lallemand,0.0,0,0,22,90.0,devel_nocode
Membuat Website untuk Pemula,https://www.udemy.com/course/membuat-website-untuk-pemula/,Excellence Indonesia (ExcellencIA),0.0,0,0,8,32.0,devel_nocode
Aprenda a criar sites profissionais sem codificar (2022),https://www.udemy.com/course/aprenda-a-criar-sites-profissionais-sem-codificar-2022/,Paulo H. M. Saeta,0.0,0,0,38,450.0,devel_nocode
NO CODE - Build Projects Management App (Arabic),https://www.udemy.com/course/no-code-aspb/,Muhamed Alkhatib,0.0,0,24,35,300.0,devel_nocode
Dominando Elementor - La guía definitiva 2022 (Nivel 3),https://www.udemy.com/course/dominando-elementor-la-guia-definitiva-2022-nivel-3/,Klinsmann Fabian,0.0,0,1,35,150.0,devel_nocode
Crea tu web sin programar,https://www.udemy.com/course/crea-tu-web-sin-programar/,Mackewinsson palencia,0.0,0,0,36,180.0,devel_nocode
Kurs Carrd strony bez kodowania,https://www.udemy.com/course/kurs-carrd-strony-bez-kodowania/,Edugrafia.pl - wideo kursy,0.0,0,1,11,210.0,devel_nocode
初心者向けAdaloでアプリ開発コース,https://www.udemy.com/course/adalo-hs/,aya ika,0.0,0,0,9,60.0,devel_nocode
WordPress 基礎入門課程 - 免費在Amazon Cloud建設網站 (廣東話),https://www.udemy.com/course/wordpress-amazon-cloud/,Lok Man,0.0,0,0,26,210.0,devel_nocode
Create Cosmetic and Skincare WordPress Website,https://www.udemy.com/course/create-cosmetic-and-skincare-wordpress-website/,Worawut Chaopradit,0.0,0,2,14,120.0,devel_nocode
Create Cosmetic and Skincare WordPress Website,https://www.udemy.com/course/create-cosmetic-and-skincare-wordpress-website/,Worawut Chaopradit,0.0,0,2,14,120.0,devel_nocode
Opencart 3 - Crie Suas Lojas Virtuais Sem Saber Programar,https://www.udemy.com/course/opencart-3x/,Paulo Campos Brito,0.0,0,0,39,150.0,devel_nocode
Da Zero a WordPress in 1 Ora,https://www.udemy.com/course/corso-wordpress1/,Emanuele B.,0.0,0,0,16,90.0,devel_nocode
Sécuriser WordPress : apprendre à le faire comme un Pro,https://www.udemy.com/course/securiser-wordpress-pro/,Walid Doulache,0.0,0,2,29,180.0,devel_nocode
สร้างเว็บขายบ้าน ที่ดินโรงงาน พร้อมระบบค้นหา แบบมืออาชีพ,https://www.udemy.com/course/wp-pro-realestate/,Worawut Chaopradit,0.0,0,1,33,300.0,devel_nocode
Criando site no Web Acapella sem saber programar,https://www.udemy.com/course/criando-site-no-web-acapella-sem-saber-programar/,Weslei Lima,0.0,0,0,19,180.0,devel_nocode
Fundamentos de WordPress,https://www.udemy.com/course/fundamentos-de-wordpress/,Luis Guevara Matias,0.0,0,107,5,90.0,devel_nocode
Criar sua Loja Virtual com WordPress Woocommerce 2022,https://www.udemy.com/course/criar-sua-loja-virtual-com-wordpress-woocommerce/,Rodrigo Luiz Barbosa de Souza,0.0,0,1,36,330.0,devel_nocode
Weebly架站實務操作班,https://www.udemy.com/course/weebly-o/,威廉 老師,0.0,0,1,13,180.0,devel_nocode
WordPress 網站 (區塊編輯器) + WooCommerce 全部頁面設計 (廣東話),https://www.udemy.com/course/wordpress-woocommerce-course/,ivan so,0.0,0,0,11,90.0,devel_nocode
عمل متجر الكتروني من الصفر علي ورد بريس,https://www.udemy.com/course/wordpresshop/,ELsayed Sami kamal,0.0,0,0,10,60.0,devel_nocode
Cara Membuat Toko Online dengan WordPress dan WooCommerce,https://www.udemy.com/course/cara-membuat-toko-online-dengan-wordpress-dan-woocommerce/,Pemoola Group,0.0,0,101,63,540.0,devel_nocode
Google Blogger 從零變成簡單,https://www.udemy.com/course/google-blog-marketing/,Jazz Wai,0.0,0,2,32,270.0,devel_nocode
انشاء المواقع بواسطه ووردبريس,https://www.udemy.com/course/znguhsay/,Ahmed Hassan Ahmed,0.0,0,0,15,30.0,devel_nocode
Criando seu site em minutos de forma fácil,https://www.udemy.com/course/lojafacil/,Marcos Vinicius de Souza Brum,0.0,0,2,23,180.0,devel_nocode
WordPress Development (Burmese - မြန်မာ),https://www.udemy.com/course/wordpress-development-burmese-myanmar/,Minn Khant Naing,0.0,0,1,19,180.0,devel_nocode
تعلم كيفية إنشاء موقع الكتروني احترافي (WordPress),https://www.udemy.com/course/wordpress-mp/,StartLearn StartLearn,0.0,0,0,35,150.0,devel_nocode
Aprende WordPress a fondo de 0 a 100,https://www.udemy.com/course/aprende-wordpress-a-fondo-de-0-a-100/,Webosconjamon Agencia Creativa,0.0,0,0,18,240.0,devel_nocode
Web Designing Course: Beginner to Advanced Level,https://www.udemy.com/course/web-designing-course-beginner-to-advanced-level-a/,Sandeep Goyal,0.0,0,1,71,1020.0,devel_nocode
افهم ووردبريس بعمق - وأنشئ متاجر و مواقع الكترونية بحترافية,https://www.udemy.com/course/nouamaneacademy/,Nouaman Hassani,0.0,0,0,19,510.0,devel_nocode
wix صناعة المواقع بواسطة,https://www.udemy.com/course/wix-jamy/,Ahmed Hassan Ahmed,0.0,0,2,23,44.0,devel_nocode
Wordpress Bloqun/videobloqun hazırlanması (40 video dərs),https://www.udemy.com/course/azeriwpblog/,Farhad Huseynov,0.0,0,0,41,330.0,devel_nocode
Практикалық курс Интернет Магазин Жасау 2022,https://www.udemy.com/course/praktika-internet-duken/,Муслим Муса KZ,0.0,0,0,14,120.0,devel_nocode
Cara Membuat Website Company Profile dengan WordPress,https://www.udemy.com/course/cara-membuat-website-company-profile-dengan-wordpress/,Pemoola Group,0.0,0,1,101,900.0,devel_nocode
สร้างเว็บขายบ้าน ที่ดิน อสังหาริมทรัพย์ ด้วยธีมฟรี,https://www.udemy.com/course/how-to-make-realestate-website-2022/,Worawut Chaopradit,0.0,0,1,14,150.0,devel_nocode
Elementor - Como Criar Sites Personalizados no WordPress,https://www.udemy.com/course/elementor-como-criar-sites-personalizados-no-wordpress/,A Escola de Sites,4.7,682,9676,5,60.0,devel_nocode
WordPress - Curso Como Criar Site com Design Moderno,https://www.udemy.com/course/wordpress-curso-como-criar-site-design-moderno/,A Escola de Sites,4.6,638,17402,9,90.0,devel_nocode
Exprime ELEMENTOR FREE al máximo [WORDPRESS] | 2022,https://www.udemy.com/course/hazte-un-pro-con-elementor-free-wordpress-2020/,Rafa Tárrega,4.8,536,12517,15,90.0,devel_nocode
Dominando Elementor desde Cero,https://www.udemy.com/course/dominando-elementor/,Dante Gualotuña Durán,4.5,492,12292,43,360.0,devel_nocode
Como Montar sua Loja Virtual - O Mapa Completo do E-commerce,https://www.udemy.com/course/como-montar-sua-loja-virtual-o-mapa-completo-do-e-commerce/,A Escola de Sites,5.0,304,7538,5,120.0,devel_nocode
Aprende Lógica de Programación (Básico),https://www.udemy.com/course/aprende-logica-de-programacion/,Sergio Alejandro Pérez Gabriel,4.6,237,5824,41,120.0,devel_nocode
Domina Elementor [FREE] Nivel Intermedio / Avanzado [#2022],https://www.udemy.com/course/explota-elementor-free-nivel-intermedio-avanzado/,Rafa Tárrega,4.6,181,4593,26,90.0,devel_nocode
[Elementor Builder] Créer un site internet [WordPress],https://www.udemy.com/course/elementor-builder-creer-un-site-internet-wordpress/,Alexandre TORIN,3.7,154,3313,6,36.0,devel_nocode
Curso Completo Criar Sites com Design Profissional WordPress,https://www.udemy.com/course/curso-completo-criar-sites-com-design-profissional-wordpress/,A Escola de Sites,4.0,151,5244,5,60.0,devel_nocode
Introducción a Drupal 9,https://www.udemy.com/course/introduccion-drupal-9/,Borja Vicente Cespedes,4.4,137,2981,18,90.0,devel_nocode
Como Criar um Site Profissional em 30 minutos com WordPress,https://www.udemy.com/course/como-criar-um-site-em-30-minutos/,Diego Davila • 650.000+ Students,4.7,116,1512,7,60.0,devel_nocode
Aprende a utilizar Elementor Pro,https://www.udemy.com/course/aprende-a-utilizar-elementor-pro/,David Sáez Nova,4.9,102,5457,24,270.0,devel_nocode
Curso WP Elementor - Aprenda Elementor do Zero,https://www.udemy.com/course/curso-wp-elementor/,David Arty,4.1,101,1799,7,120.0,devel_nocode
Como Criar Uma Landing Page (Página de Vendas),https://www.udemy.com/course/como-criar-uma-landing-page-pagina-de-vendas/,Rafael Mota,3.7,93,2368,5,90.0,devel_nocode
Adalo - Crea aplicaciones móviles Multiplataforma,https://www.udemy.com/course/crea-aplicaciones-android-ios-adalo-gratis/,Jorge L. Valdéz,4.2,92,6908,17,60.0,devel_nocode
Wix ADI İle 30 Dakikada Profesyonel E-Ticaret Sitesi Kurun,https://www.udemy.com/course/wix-adi-ile-30-dakikada-seo-uyumlu-profesyonel-e-ticaret-sitesi-kurun/,Tolgahan Koyuncu,4.5,87,3459,16,120.0,devel_nocode
ノーコードで超速WEB制作　STUDIO超入門コース,https://www.udemy.com/course/studio-for-beginners/,おたろう STUDIOでノーコードWEB制作,4.7,79,360,18,60.0,devel_nocode
Como Fazer o Seu Primeiro Site!,https://www.udemy.com/course/como-fazer-um-site-em-1-hora-2020/,A Escola de Sites,4.5,79,2021,6,90.0,devel_nocode
Crea tu portafolio fácil y sin programar en 30 minutos,https://www.udemy.com/course/crea-tu-portafolio-facil-y-sin-programar-en-30-minutos/,María Jhosé García Munguía,4.5,72,3484,5,30.0,devel_nocode
Découvrez comment faire votre projet avec des outils no-code,https://www.udemy.com/course/decouvrez-comment-faire-votre-projet-avec-des-outils-no-code/,Team Contournement,4.3,68,803,12,90.0,devel_nocode
Dominando Elementor desde Cero Vol. 2,https://www.udemy.com/course/dominando-elementor-desde-cero-vol-2/,Dante Gualotuña Durán,4.8,68,6476,27,240.0,devel_nocode
Aprende Lógica de Programación (Avanzado),https://www.udemy.com/course/aprende-logica-de-programacion-avanzado/,Sergio Alejandro Pérez Gabriel,4.6,62,5306,28,90.0,devel_nocode
انشاء موقع الكتروني من الصفر خطوة بخطوة - ووردبريس,https://www.udemy.com/course/create-website-using-wordpress-course-in-arabic/,Omar Jahama,4.8,57,1756,12,90.0,devel_nocode
【NoCode】はじめてのBubble入門！簡単なWebアプリケーションを開発してみる(2021),https://www.udemy.com/course/nocodebubble2021/,Sota Kitaura,4.4,37,425,14,90.0,devel_nocode
Wix ADI İle 30 Dakikada SEO Uyumlu Profesyonel Blog Açın,https://www.udemy.com/course/wix-adi-ile-30-dakikada-seo-uyumlu-profesyonel-blog-kurulumu/,Tolgahan Koyuncu,3.7,36,2888,15,120.0,devel_nocode
Créer un site WordPress professionnel en moins de 2 heures,https://www.udemy.com/course/creer-site-wordpress-pro-2heures/,Nasser-eddine BENAZIZA,4.2,36,1095,9,90.0,devel_nocode
Introducción a Wordpress,https://www.udemy.com/course/introduccion-a-wordpress/,Joel Barrios (Bachi),4.2,28,1876,12,90.0,devel_nocode
Как сделать сайт на Wordpress с Elementor,https://www.udemy.com/course/kurs-wordpress-elementor/,Денис Безродный,4.7,24,267,16,90.0,devel_nocode
Kod Yazmadan Bubble ile Yapılacaklar Listesi Oluşturma,https://www.udemy.com/course/kod-yazmadan-bubble-ile-yapilacaklar-listesi-olusturma/,Enes Efe,4.8,24,1441,10,42.0,devel_nocode
Commet créer un site WORDPRESS de A à Z en 1 Heure,https://www.udemy.com/course/formation-cms-wordpress/,Dr. Firas | Machine Learning et Big Data,4.5,21,699,18,120.0,devel_nocode
Создание Интернет-магазина с нуля до первых продаж,https://www.udemy.com/course/ifish_shop/,Юрий Бошников,4.5,21,465,31,210.0,devel_nocode
"Basics of Uploading website, Hosting & Domain name in Hindi",https://www.udemy.com/course/uploading-website-online-buying-hosting-domain-in-hindi/,Akshay Gupta,4.6,20,465,8,31.0,devel_nocode
Wix Web Design and Development  Beginner To Pro,https://www.udemy.com/course/wix-website-design-and-development-beginner-to-pro/,Muhammad Sufyan Ali,4.1,20,880,15,180.0,devel_nocode
【ノーコード】 Adalo でコードを書かずにモバイル用『タスク管理』アプリ開発！,https://www.udemy.com/course/adalo-nj/,ノーコード 自習室,4.4,19,190,19,60.0,devel_nocode
Создание сайта с нуля до заработка на Wordpress,https://www.udemy.com/course/infosite_ifish/,Юрий Бошников,3.9,14,310,18,120.0,devel_nocode
Criando um Site Pessoal do zero com Wordpress e Elementor,https://www.udemy.com/course/criando-um-site-pessoal-do-zero-com-wordpress-e-elementor/,Hype Cursos,4.3,13,550,8,120.0,devel_nocode
アフターコロナ対策！サービスをオンラインで販売する【ペライチで作る申し込みページ作成編】,https://www.udemy.com/course/peraichilesson/,歩惟 坂本,4.0,11,182,5,32.0,devel_nocode
1Hチャレンジ！Elementor Proのテーマビルダーマスター講座,https://www.udemy.com/course/elementor-pro-theme-builder/,根本耕輔 @KCLUB MARKETING,4.6,10,185,9,60.0,devel_nocode
Integromatを活用して、コーディングなしで、身の回りの業務を簡単に自動化しよう！,https://www.udemy.com/course/integromat/,あず まる,4.8,10,159,16,120.0,devel_nocode
【ノーコード】 Glide でコードを書かずにインスタグラム風『写真共有アプリ』開発！,https://www.udemy.com/course/glide-ak/,ノーコード 自習室,4.3,9,134,18,60.0,devel_nocode
WordPress（ワードプレス）でブログサイトを立ち上げる講座【サーバー契約からテーマカスタマイズまで】,https://www.udemy.com/course/wordpress-blogsite/,カトー ヒサヨシ,4.5,9,76,20,120.0,devel_nocode
Elementorのサイトを高速化する方法,https://www.udemy.com/course/elementor-speed-optimization/,根本耕輔 @KCLUB MARKETING,4.6,7,250,27,60.0,devel_nocode
codeorg Temel Eğitim Dersleri Kursu,https://www.udemy.com/course/codeorg-temel-egitim-dersleri-kursu/,Ahmet Doğan Karahan,4.6,6,984,5,60.0,devel_nocode
【ノーコード】.bubble講座 Step1：画面レイアウトを作成する,https://www.udemy.com/course/bubble-step1/,ノーコード 自習室,4.9,6,50,20,90.0,devel_nocode
رفع الموقع على الانترنت,https://www.udemy.com/course/deploy-website/,Ali Hassan,4.9,5,215,8,120.0,devel_nocode
WordPressサイト最強のGenesisFrameworkを無料でセットアップする方法【2022年最新版】,https://www.udemy.com/course/genesisframework2022/,山並 もえ,4.8,5,68,20,60.0,devel_nocode
Creare sito web senza codice - Corso Brizy,https://www.udemy.com/course/creare-sito-web-senza-codice-corso-brizy/,Giovanni Fu Lin,4.1,4,180,13,90.0,devel_nocode
Erste Einführung in Azure Machine Learning (Azure ML),https://www.udemy.com/course/erste-einfuehrung-in-azure-machine-learning-azure-ml/,Harald Rohan,3.7,3,224,9,33.0,devel_nocode
Make your coding more fast using VSCode extentions,https://www.udemy.com/course/make-your-coding-more-fast-using-vscode-extentions/,Sheikh Naveed,3.9,3,442,21,90.0,devel_nocode
Crie seu primeiro aplicativo com uma ferramenta Low-Code.,https://www.udemy.com/course/primeiros-passos-com-genexus/,GeneXus Training,5.0,3,149,13,60.0,devel_nocode
MYSQL com o kodular - INTRODUÇÃO,https://www.udemy.com/course/mysql-com-o-kodular-introducao/,Lucas Souza,5.0,2,311,5,60.0,devel_nocode
flexifunnel(फ्लेक्सी फनल) ka use krke landing page,https://www.udemy.com/course/flexifunnel-tutorial-in-hindi/,kirtesh dewangan,4.4,2,63,8,60.0,devel_nocode
ورشة عمل كيف تصمم متجرك بالوردبرس في اقل من ساعة؟,https://www.udemy.com/course/itbfwats/,Fadi Abu Sowan,5.0,1,263,11,120.0,devel_nocode
Vitesse de WordPress : rendre votre site rapide maintenant,https://www.udemy.com/course/vitesse-wordpress/,Walid Doulache,5.0,1,111,20,120.0,devel_nocode
طريقة إنشاء موقع الكتروني إحترافي خطوة بخطوة - شرح كامل,https://www.udemy.com/course/websitelesson/,Hadi Almoghaliq,0.0,0,2,15,90.0,devel_nocode
