강의명,url,강사명,별점,별점 수,수강생 수,강의 수,강의 총 시간
【글로벌 Best】 No Code! 코딩없이 인공지능 구현하기 (한글자막),https://www.udemy.com/course/no-code-ai/,"Dr. Ryan Ahmed, Ph.D., MBA",4.5494957,15,102,69,9.5시간
【글로벌 Best】 10일 완성 코스 - 코딩 없는 인공 지능 부트캠프 (한글자막),https://www.udemy.com/course/best-10-ai/,"Dr. Ryan Ahmed, Ph.D., MBA",5.0,6,27,113,12.5시간
파워포인트보다 쉬운 [WIX 로 홈페이지 만들기],https://www.udemy.com/course/wixmagic/,이임복 Lee,4.465076,4,11,27,3.5시간
【글로벌 Best】 No 코드 머신 러닝 : Modern ML 도구에 대한 실용적인 가이드 (한글자막),https://www.udemy.com/course/best-nocode-modern-ml/,"Dr. Ryan Ahmed, Ph.D., MBA",5.0,2,31,44,6.5시간
왕초보도 가능한 WordPress 웹페이지 만들기,https://www.udemy.com/course/wordpress-ar/,ITGO 아이티고,5.0,1,2,10,4시간
3D KODU로 코딩 제대로 배워보기,https://www.udemy.com/course/3d-kodu-z/,ITGO 아이티고,0.0,0,0,10,3시간
내 손으로 직접 만드는 WIX 무료 쇼핑몰,https://www.udemy.com/course/wix-yssj/,ITGO 아이티고,0.0,0,0,10,4시간
How To Make a Wordpress Website -Elementor Page Builder,https://www.udemy.com/course/how-to-make-a-wordpress-website-2017-elementor-builder/,Darrel Wilson,4.204571,3458,44238,13,1.5시간
Microsoft PowerApps & Flow: Build Business Apps Without Code,https://www.udemy.com/course/powerapps/,Syed Raza,3.7720652,1857,13600,42,4시간
Wix Master Course: Make A Website with Wix (FULL 4 HOURS),https://www.udemy.com/course/wix-master-course-make-a-website-in-1-day-with-wix/,Nickie Rowley,4.2872763,1538,6181,33,5시간
The Bubble Beginners Bootcamp (2019) - Visual Programming,https://www.udemy.com/course/the-bubble-beginners-bootcamp-2019-visual-programming/,Gregory John,4.814087,1476,5113,48,10.5시간
Learn Elementor - WordPress Front-End Development Course,https://www.udemy.com/course/wordpress-front-end-development-elementor/,Andrew Williams,4.7245817,1087,5560,66,6.5시간
"Build Your Startup with No Coding (Design, Develop & Ship)",https://www.udemy.com/course/buildastartup/,Team Copilot,4.6844697,876,3515,82,8시간
Elementor - Build Amazing WordPress Pages With Elementor,https://www.udemy.com/course/elementor-101-build-amazing-wordpress-pages-with-no-coding/,Alexander Oni,4.5831804,707,3248,90,9시간
Modern Artificial Intelligence with Zero Coding,https://www.udemy.com/course/modern-artificial-intelligence-with-zero-coding/,"Dr. Ryan Ahmed, Ph.D., MBA",4.686574,622,6357,69,9.5시간
Complete Bubble Developer Course: Build Apps Without Coding,https://www.udemy.com/course/build-fully-functional-apps-without-coding-using-bubble/,Leon Petrou,4.520163,599,6184,108,10시간
Build an Amazon Affiliate E-Commerce Store from Scratch,https://www.udemy.com/course/build-an-amazon-affiliate-e-commerce-store-from-scratch/,YouAccel Training,4.4284196,588,110130,28,5시간
Wix Web Design 2022:Level 1:BEGINNER *Wix Certified Trainer,https://www.udemy.com/course/webmasteracademy101/,"Michael Wood, M.Ed., M.S.",4.6124506,490,2333,42,12시간
The Complete 'No Code' Developer Course: Build 23 Projects,https://www.udemy.com/course/no-code-developer/,Codestars by Rob Percival,4.2805533,470,4752,124,9.5시간
The Complete Guide to Bubble Visual Programming,https://www.udemy.com/course/the-complete-guide-to-bubble-from-beginner-to-advanced/,Henry Habib,4.676613,462,2372,161,16시간
Master Wix - Create a Wix Website in 1 hour,https://www.udemy.com/course/master-wix-create-a-wix-website-in-1-hour/,Divit Mehta,4.540238,396,2352,16,1시간
The Bubble Course - Create Complete Web Apps without Coding,https://www.udemy.com/course/bubble-course/,Andrew Vega,3.7150116,395,4735,47,4.5시간
WordPress for Beginners [2022],https://www.udemy.com/course/wp-for-beginners/,Tanzeel Ur Rehman,4.2062483,394,39108,43,5.5시간
How To Make A Wordpress Website -Elementor Page Builder,https://www.udemy.com/course/how-to-make-a-wordpress-website-2017-elementor-page-builder/,Darrel Wilson,4.028472,375,13151,26,3.5시간
No-Code Machine Learning: Practical Guide to Modern ML Tools,https://www.udemy.com/course/no-code-machine-learning/,"Dr. Ryan Ahmed, Ph.D., MBA",4.4930067,336,22097,44,6.5시간
Complete Guide to Velo by Wix: Go From Zero to Hero!,https://www.udemy.com/course/the-applied-guide-to-corvid-aka-wix-code-from-beginner/,Will Fourie,4.7611003,322,1313,45,14시간
10 Days of No Code Artificial Intelligence Bootcamp,https://www.udemy.com/course/10-code-less-days-of-artificial-intelligence/,"Dr. Ryan Ahmed, Ph.D., MBA",4.4532022,318,3189,113,12.5시간
How To Make A Wordpress Website -Elementor Page Builder,https://www.udemy.com/course/how-to-make-a-wordpress-website-with-elementor/,Darrel Wilson,4.3534265,299,8360,15,1.5시간
Bootstrap Studio Tutorial Version 6.0 Learn Bootstrap Studio,https://www.udemy.com/course/bootstrap-studio-design-website-with-typing-only-10-percent-code/,Karan Khandekar,4.6321306,285,10066,72,10시간
Wix Website SEO | Wix SEO| Wix Search Engine Optimisation,https://www.udemy.com/course/wix-website-wix-seo/,Sam Dey,3.8176315,280,2730,14,1시간
How to Make an eCommerce Website with WordPress For Beginner,https://www.udemy.com/course/how-to-make-an-ecommerce-website-with-wordpress-elementor-for-beginner/,Asaduzzaman Asad ( Aarav ),4.734307,268,45135,45,4시간
How to make a Portfolio Wordpress Website in Elementor 2020,https://www.udemy.com/course/how-to-make-a-wordpress-website-2020-elementor-pagebuilder/,Rino LivingWithPixels,4.8954716,230,4730,30,4.5시간
Power Apps: learn PowerApps with a hands-on example,https://www.udemy.com/course/power-apps-learn-to-build-an-app-to-manage-your-inventory/,Rudimar Baesso Althof,4.629225,206,1340,44,4시간
Flowgear Technical Certification,https://www.udemy.com/course/flowgear-technical-certification/,Daniel Chilcott,4.6747756,196,602,16,3.5시간
Design & Build a Website without Code,https://www.udemy.com/course/bloc-design-without-code/,Joey Kirk,3.7232273,185,10458,33,1.5시간
ServiceNow IT Service Management (CIS-ITSM) Tests: Rome 2022,https://www.udemy.com/course/servicenow-it-service-management-implementation-cis-itsm-practice-test/,Ali Saghaeian,4.906195,181,730,0,180개의 질문
Liferay for Beginners Create Your Website Without Coding,https://www.udemy.com/course/liferay-crash-course/,Vikas Kumar Jha,3.6889145,179,15528,16,2.5시간
How to Make a Website Without Coding- WordPress & Web Skills,https://www.udemy.com/course/make-a-website-without-code-wordpress-course/,Hoku Ho,4.839272,172,10707,123,9시간
Learn Creating Premium Wordpress Website with Elementor,https://www.udemy.com/course/elementor-course/,Supriyo Kundu,4.3007236,163,12693,30,5.5시간
"Learn Elementor & WordPress, for Startups & Freelancers",https://www.udemy.com/course/beginner-to-expert-learn-elementor-wordpress/,Nathan Minns,4.5562243,163,16932,41,2.5시간
Ultimate Wordpress Optimization 2022,https://www.udemy.com/course/ultimate-wordpress-optimization-2020/,nurt technologies,4.2625604,162,39547,24,2.5시간
web automation using uipath (RPA-project),https://www.udemy.com/course/web-automation-using-uipath-rpa-project/,naveen kumar,4.2502604,155,10999,6,1시간
Wix: Make a Quick and Easy Professional Website for Free,https://www.udemy.com/course/wix-make-quick-easy-professional-website-free/,Kristen Palana,4.4273224,152,12890,27,2시간
Wix Web Design 2022: Level 2: Intermediate*Certified Trainer,https://www.udemy.com/course/wix-web-design-design-part-2-wix-certified-trainer/,"Michael Wood, M.Ed., M.S.",4.0967674,152,1402,39,8시간
Become RPA Master in Microsoft Power Automate Desktop,https://www.udemy.com/course/microsoft-power-automate-desktop-tutorials-for-beginners/,Learning Technologies,4.237928,144,1030,131,20시간
Airtable - The Complete Guide to Airtable - Master Airtable,https://www.udemy.com/course/airtable-the-complete-guide-to-airtable/,Henry Habib,4.642247,144,685,102,7.5시간
Build apps without coding - Introductory course,https://www.udemy.com/course/mobile-web-app-development-without-coding-with-backendless-ui-builder/,Mark Piller,4.3954268,125,7693,15,2시간
Build Airtask: A To Do List Application Built With Bubble,https://www.udemy.com/course/build-airtask-a-to-do-list-application-built-with-bubble/,Gregory John,4.937587,117,725,24,4시간
Web Design Training with Elementor,https://www.udemy.com/course/web-design-training-with-elementor/,Tom Wiztek,4.330517,117,12361,18,1.5시간
Complete Bubble No Code Programming Course,https://www.udemy.com/course/learn-bubble-and-create-web-apps-without-code/,Easy Learning Academy,4.722003,116,5277,15,2시간
How to Create a Website Without Coding - WordPress 2021,https://www.udemy.com/course/how-to-create-a-website-wordpress-2016/,Grzegorz Łata,4.1787558,115,11288,31,1.5시간
Create Your Business Website Without Code (With Squarespace),https://www.udemy.com/course/create-your-business-website-without-code-with-squarespace/,Jared Gold,4.6041546,113,2328,30,3시간
How to Launch Your Own Website Builder Service,https://www.udemy.com/course/how-to-launch-your-own-website-builder-service/,Adrian Gonzales,3.7056148,112,9128,12,1.5시간
Super-Fast Web Design using Weebly (2022 Grand Edition),https://www.udemy.com/course/super-fast-web-design-using-weebly/,Srinidhi Ranganathan,4.1278315,107,43527,6,1.5시간
Wordpress for beginners :Build Websites Fast without Coding ,https://www.udemy.com/course/wordpress-create-websites-fast-wo-coding-and-make-money/,Edwin Diaz,4.718824,104,1791,68,5시간
Azure Data Factory Real World Project End to End & Use Cases,https://www.udemy.com/course/azure-data-factory-workshop-real-world-project-use-cases/,Amit Navgire,4.4226995,104,666,24,6.5시간
Create Awesome Fantasy Website Using Wordpress Elementor,https://www.udemy.com/course/awesome-fantasy-website-using-elementor/,Supriyo Kundu,4.1473327,100,11583,48,7.5시간
Intro to Bubble - Learn how to build apps without code,https://www.udemy.com/course/bubble-is-learn-how-to-build-apps-without-code/,George Dimopoulos,3.5125272,99,3433,22,3시간
Wix Masterclass: Create a Stunning Wix Site,https://www.udemy.com/course/wix-course/,Nader Nadernejad,4.2657022,95,1698,26,1.5시간
Easy Wordpress course: build your first Wordpress website!,https://www.udemy.com/course/easy-wordpress-course/,Uri Brilliant,4.8416495,94,337,32,2.5시간
Fast-Track Wix Website Design for Entrepreneurs -No Coding!,https://www.udemy.com/course/weekendwebsitewarrior/,Traci Synatschk,4.143388,90,720,42,3.5시간
How to Create a Wordpress Website from Scratch - No Coding,https://www.udemy.com/course/how-to-create-a-wordpress-website-from-scratch-no-coding/,Hoku Ho,4.4365096,84,13246,38,3시간
Wix 2021 : The complete guide of creating Website Beginners,https://www.udemy.com/course/the-complete-guide-of-creating-wix-website-web-design-web-development/,Amar Tripathi,3.7340622,78,793,37,2.5시간
WordPress Websites To Be Proud Of - No Coding WordPress Site,https://www.udemy.com/course/wordpress-for-beginners-how-to-build-professional-websites/,Nick Walsh,4.5103674,76,13595,41,2시간
Create & Build Custom Website Without Coding WordPress 2021,https://www.udemy.com/course/custom-website-without-coding/,Jamshaid Raza,4.3768134,74,5802,18,1.5시간
Lead Generation Masterclass: Create Web-pages with Elementor,https://www.udemy.com/course/lead-generation-masterclass-funnel/,Jun Bien Law,4.3355656,68,7460,59,8.5시간
Create A WordPress Website 2020 | Elementor PRO Tutorial,https://www.udemy.com/course/create-a-wordpress-website-2020-elementor-pro-tutorial/,Darrel Wilson,4.800777,67,284,25,2시간
Excel Tips and trick : Learn MS Excel by making 7 Projects,https://www.udemy.com/course/excel-tips-and-trick-learn-ms-excel-by-making-7-projects/,Yassin Marco,4.005243,60,12015,34,6시간
How to Build a Website,https://www.udemy.com/course/how-to-build-a-wix-website/,Steven Matt,3.7798922,60,2771,5,30분
Editor X Masterclass - Build Amazing Websites | No Coding,https://www.udemy.com/course/editor-x-masterclass-build-amazing-websites-no-coding/,Stefan Jovanovic,4.6035886,59,762,52,8.5시간
The Complete 'No Code' Automation Course: Build 18 Projects,https://www.udemy.com/course/no-code-automation/,Codestars by Rob Percival,4.076155,58,834,104,4시간
How To Make an eCommerce Website With Wordpress + Elementor,https://www.udemy.com/course/how-to-make-an-ecommerce-website-with-wordpress-elementor/,Darrel Wilson,4.276565,55,3657,15,2시간
Building An Instagram Clone With No-Code Using Bubble,https://www.udemy.com/course/instagram-clone-no-code-bubble/,Lachlan Kirkwood,4.628441,54,287,12,1.5시간
Build A Business Website Using Weebly,https://www.udemy.com/course/how-to-build-your-business-website-in-1-hour/,Rich Peterson,4.2339387,52,2002,19,1시간
Build web applications without writing  any code with bubble,https://www.udemy.com/course/build-web-applications-without-writing-any-code-with-bubble/,Bluelime Learning Solutions,4.5133433,52,16513,25,3시간
Salesforce CPQ : Salesforce CPQ Basics for Admins,https://www.udemy.com/course/salesforce-cpq-salesforce-cpq-basics-for-admins/,Yashad Tayal,4.2470083,52,288,28,2시간
Everything About Blogger From Scratch,https://www.udemy.com/course/rkeverything-about-blogger-from-scratch/,Towards Techno,3.9264193,49,12397,17,2시간
DIY Website Design Bootcamp: WordPress Elementor Plugin,https://www.udemy.com/course/diy-website-design-with-elementor/,Jun Bien Law,4.204845,48,19941,50,8시간
Elementor & WordPress Masterclass! Build 3 Amazing Websites,https://www.udemy.com/course/complete-elementor-and-wordpress-website-design-masterclass/,Emenwa Global,3.8610332,48,9629,42,6시간
Wix Website Development: Create a Wix Website For Beginners,https://www.udemy.com/course/wix-website/,Brennan Zimmer,3.9363556,46,5326,53,2시간
RPA : Microsoft Power Automate Desktop - Zero to Expert : 2,https://www.udemy.com/course/microsoft-power-automate-desktop-course-zero-to-expert-2/,Learning Technologies,4.0692058,45,861,37,5시간
Beginners Guide to Adobe Dreamweaver CC (2022),https://www.udemy.com/course/adobe-dreamweaver-cc-build-responsive-websites-without-code/,Fatah Gabrial,3.4795759,42,11842,73,5.5시간
Ultra-Fast Web Design using Carrd (2022 Edition),https://www.udemy.com/course/ultra-fast-web-design-using-carrd/,Srinidhi Ranganathan,4.4735885,39,15439,6,1시간
WordPress from Start to Finish - Become a Pro!,https://www.udemy.com/course/build-websites-without-code-and-build-a-profitable-business/,Abid Majeed,4.205285,39,8266,39,6.5시간
Web Design became child's play Thanks to Weebly,https://www.udemy.com/course/web-design-became-childs-play/,Rikhil Nagpal,4.5360937,39,8684,11,1시간
Compare Website Builder Software,https://www.udemy.com/course/website-builder-software-reviews-weebly-vs-squarespace-vs-wix/,Rich Peterson,4.286864,39,1579,19,1시간
Designing an E-commerce website with WYSIWYG Web Builder,https://www.udemy.com/course/designing-an-e-commerce-website-with-wysiwyg-web-builder/,Ishmeal Lamptey,4.196981,37,131,85,5.5시간
How To Make A Business Website In 1 Day With Wix FAST & EASY,https://www.udemy.com/course/how-i-make-a-professional-website-in-1-day-or-less-with-wix/,Rezan Levandovych,3.6986504,37,3820,25,4시간
Professional WordPress Web Development course with Elementor,https://www.udemy.com/course/professional-wordpress-web-development-course-with-elementor/,Rakesh Kumar Tadlapur,4.698341,36,168,148,35시간
Wix for Absolute Beginners,https://www.udemy.com/course/wix-for-absolute-beginners/,Filip Delac,4.804453,36,653,35,2.5시간
Complete WordPress mastery course beginner to pro,https://www.udemy.com/course/complete-wordpress-mastery-course-beginner-to-pro/,Kamal Mustafa,3.6678433,35,3672,78,16시간
How To Create a Print On Demand Face Mask Store with Wix,https://www.udemy.com/course/how-to-create-a-print-on-demand-face-mask-store-with-wix/,Lee Davies,3.9910245,35,8715,7,1.5시간
Wordpress Create Your Own Website 2022!,https://www.udemy.com/course/how-to-create-a-website-with-wordpress-2022-fast/,Jenius Inc,3.5813665,33,6556,16,33분
Elementor - Build Stunning WordPress Landing Page in minutes,https://www.udemy.com/course/elementor-wordpress-tutorial-create-landing-page-website-design/,Tanmoy Das,3.9141955,30,3598,51,5.5시간
1 Hour Website - Build a Website in 1 Hour,https://www.udemy.com/course/one-hour-website/,Theo O,4.971011,28,1893,10,1시간
Build a Professional Business Website Using Weebly ,https://www.udemy.com/course/build-a-professional-business-website-for-free-using-weebly/,Scott Gardiner,3.774319,26,358,18,1.5시간
50 DevOps Interview Questions & Answers - 2022,https://www.udemy.com/course/50-devops-interview-questions-answers/,Raghunandana Krishna Murthy Sanur,4.5261736,26,180,47,6시간
Create A 100% Free and Responsive Website (Without Coding!),https://www.udemy.com/course/how-to-create-a-website-for-free-without-coding/,Thomas Wiesner,4.4005494,26,657,15,1시간
Salesforce Validation Rules - Beginner to Advanced,https://www.udemy.com/course/salesforce-validation-rules/,Yashad Tayal,4.470624,26,164,36,3시간
A Complete 2021 Guide to a Stunning Web Design using Wix,https://www.udemy.com/course/diyyourwebsite/,Chantau Cherriton,4.4469113,24,116,8,1.5시간
Website Design,https://www.udemy.com/course/business-in-a-box/,Craig Blewett,4.1315136,24,1127,31,3시간
Build A Lead-Generating Portfolio Website In 1 Hour (2022),https://www.udemy.com/course/build-a-lead-generating-portfolio-website-in-hours-2022/,Scott Lancaster,4.58685,24,1790,17,1.5시간
CAN protocol: Basic to Advance,https://www.udemy.com/course/can-protocol-basic-to-advance/,Codutor Academy,4.10324,23,105,13,2.5시간
Learn IAC (Infrastructure As Code) Terraform,https://www.udemy.com/course/learn-iac-infrastructure-as-code-terraform-new/,Musab Zayadneh,4.3948765,22,6064,54,3시간
Building A LinkedIn Clone With No-Code Using Bubble,https://www.udemy.com/course/building-a-linkedin-clone-with-no-code-using-bubble/,Lachlan Kirkwood,4.7232985,22,142,15,4.5시간
Complete Microsoft Power Virtual Agent (PVA) Bootcamp,https://www.udemy.com/course/complete-practical-ms-power-virtual-agent-pva-bootcamp/,Marji Solutions,3.4518242,21,96,30,8시간
Build Mobile Apps Without Coding - The Complete Guide,https://www.udemy.com/course/build-mobile-apps-without-coding-the-complete-guide/,Miguel Hernandez,4.414137,21,189,97,9시간
Building A Yelp Clone With No-Code Using Bubble,https://www.udemy.com/course/building-a-yelp-clone-with-no-code-using-bubble/,Lachlan Kirkwood,4.148122,19,110,11,3시간
"Beginner: Build  WordPress Website , No Coding Required",https://www.udemy.com/course/create-own-professional-wordpress-website-no-coding-required/,MOTAHER HOSSAIN,4.2985187,19,167,55,2.5시간
Sell Courses On Your Own Website - No Coding Required!,https://www.udemy.com/course/sell-courses-on-your-own-website-no-coding-required/,Cameron Wills,3.9658217,17,1097,21,1시간
Build a Sales Funnel from Scratch: Email Marketing with Wix,https://www.udemy.com/course/build-a-sales-funnel-from-scratch-email-marketing-with-wix/,Casey Chan,3.7174876,17,65,6,31분
Create a High Converting Wix Website for Your Business,https://www.udemy.com/course/create-high-converting-wix-website-for-business/,Stella Chrysaki,4.6182885,16,3860,23,2시간
Build a Personal Brand Website in only 1 Hour (2022),https://www.udemy.com/course/the-personal-brand-website-blueprint-course-2022/,Scott Lancaster,4.732012,16,1538,20,1.5시간
Build A Lead-Generating Agency Website In 1 Hour,https://www.udemy.com/course/build-a-lead-generating-agency-from-scratch-for-free/,Scott Lancaster,4.9784036,16,1233,17,1시간
App Development Without Coding Masterclass - Level 101,https://www.udemy.com/course/build-mobile-app-without-coding-masterclass-level-101/,Mark Piller,4.4757795,16,99,32,6.5시간
WordPress For Beginners: Easily Make a Website in 2 Hours,https://www.udemy.com/course/wordpress-beginner-guide/,Aaron Ward,4.3981385,16,652,35,3시간
How To Build Apps On Bubble,https://www.udemy.com/course/how-to-build-apps-on-bubble/,Long Road Instructors,4.114582,15,9538,11,3시간
Getting Started With UiPath Robotic Process Automation (RPA),https://www.udemy.com/course/uipathrpa/,Dr. Umesh Dutta,4.514492,15,173,49,6.5시간
Learn to Build Professional Weebly Websites from a Kid,https://www.udemy.com/course/create-professional-websites-in-minutes-with-weebly/,Tech Force,4.135207,15,1244,26,3시간
RPA:Microsoft Power Automate Desktop:Intelligent Automation,https://www.udemy.com/course/power-automate-desktop-course-intelligent-automation/,Learning Technologies,4.7645206,15,460,28,5시간
a Business with FREE Tools,https://www.udemy.com/course/create-a-wix-website-in-1-hour/,Francisco Capelo,4.103659,15,2712,45,2.5시간
Advanced RPA - Microsoft Power Automate With AI Builder,https://www.udemy.com/course/microsoft-power-automate-with-ai-builder/,Learning Technologies,4.5586753,14,407,11,2시간
Create Websites Faster And Easier With Joomla 3.2 NO Coding,https://www.udemy.com/course/joomla-32-a-step-by-step-guide-for-beginners/,Mathew Tamin,4.350632,14,420,62,2.5시간
Complete Bubble Course - Create Web Apps Without Code,https://www.udemy.com/course/bubble-web-software-with-no-code/,Sam DeZeeuw,4.2259774,14,99,23,3.5시간
How to Create Your Free Professional Website (No Coding)!,https://www.udemy.com/course/how-to-create-your-free-professional-website-no-coding/,My Meaningful Health,4.4017754,13,31,5,1시간
Building A WhatsApp Clone With No-Code Using Bubble,https://www.udemy.com/course/building-a-whatsapp-clone-with-no-code-using-bubble/,Lachlan Kirkwood,4.2341547,12,79,11,2.5시간
Build Amazing Landing Pages In Minutes With Joomla NO CODING,https://www.udemy.com/course/joomla-drag-drop-build-amazing-landing-pages-in-minutes/,Mathew Tamin,3.5222046,12,749,34,2시간
Develop a Professional OnePage WordPress site With No Coding,https://www.udemy.com/course/develop-a-professional-onepage-wordpress-site-with-no-coding/,eTraining Firm,3.9245493,12,1756,13,1.5시간
Internet of Things for beginners - IoT project in 10 mins,https://www.udemy.com/course/internet-of-things-for-beginners-iot-project-in-10-mins/,Magicbit Academy,4.5841584,11,66,24,2시간
"WordPress Website: Design, SEO and Security for Beginners",https://www.udemy.com/course/wordpress-website-design-seo-and-security-for-beginners/,Freud & Ben,4.523038,11,155,45,6시간
WordPress and the Divi Theme: Create your first website,https://www.udemy.com/course/wordpress-and-divi-create-your-first-website/,Sol Barrera Watters,4.1087155,11,57,44,3.5시간
Salesforce Flow Projects : Flow Use Cases and Scenarios,https://www.udemy.com/course/salesforce-flow-projects-flow-use-cases-and-scenarios/,Yashad Tayal,4.852192,11,131,56,5.5시간
Create A Website Using Elementor Pro,https://www.udemy.com/course/create-a-website-using-elementor-pro/,Florin Buzea,4.103211,10,162,11,1.5시간
How to Build an Online Store with WooCommerce and WordPress,https://www.udemy.com/course/build-an-online-store-with-woocommerce-and-wordpress/,Alexandru Dumitru,4.486288,10,70,29,2.5시간
Create Online Education Website by Wordpress and Elementor,https://www.udemy.com/course/wp-lms-education-elementor-site/,Esrat Sultana Popy,4.847395,10,1014,17,1.5시간
Learn IAC AWS CloudFormation,https://www.udemy.com/course/learn-iac-aws-cloudformation-new/,Musab Zayadneh,4.2950506,10,997,20,2시간
Build a Uber Eats Clone With Adalo,https://www.udemy.com/course/build-a-delivery-app-on-adalo-without-code/,Erik Goins,3.8767118,9,29,13,2시간
How to Create a Website with SitePad Website Builder,https://www.udemy.com/course/sitepad-website-builder/,Adrian Gonzales,3.5267258,9,1393,58,1.5시간
How to create a  blog using WordPress,https://www.udemy.com/course/how-to-create-a-blog-with-wordpress-video-blog/,Ricky Wahowa,4.579603,9,1370,65,4시간
Wix: Easily Build a Professional Website in 3h. No Coding.,https://www.udemy.com/course/professional-business-wix-website/,Ricardo R,3.6752946,9,1112,45,2시간
No-Code Web App Development for beginners,https://www.udemy.com/course/no-code-web-app-development-for-beginners/,Bluelime Learning Solutions,4.078259,9,1507,11,1시간
Building A Slack Clone With No-Code Using Bubble,https://www.udemy.com/course/building-a-slack-clone-with-no-code-using-bubble/,Lachlan Kirkwood,4.3388867,9,94,10,3시간
Build A WordPress Website Without Code,https://www.udemy.com/course/learn-to-build-a-wordpress-website-without-code/,Billy Simpson,4.4024253,8,23,14,41분
Terraform for Beginners,https://www.udemy.com/course/terraform-for-beginners/,Musab Zayadneh,4.5744023,8,3006,54,3시간
Advanced Templates & Document Generation,https://www.udemy.com/course/advanced-templates-document-generation/,Benjamin Anderson,4.375545,8,23,15,3시간
Create a 5 Page Business Website With Joomla Without Coding,https://www.udemy.com/course/how-to-create-a-professional-5-page-website-with-joomla/,Mathew Tamin,4.35647,7,563,23,2시간
How to Build Chatbot with Google DialogFlow,https://www.udemy.com/course/how-to-build-chatbot-with-google-dialogflow/,Parwiz Forogh,4.776465,7,172,59,6시간
Creating Website without Coding for Special Needs People,https://www.udemy.com/course/creating-website-without-coding-for-special-needs-people/,Atar Singh,4.59265,7,2391,24,6시간
WordPress Practice Tests & Interview Questions (Basic/Adv),https://www.udemy.com/course/wordpress-practice-tests-and-interview-questions-basic-advanced/,Prince Patni,4.796874,7,4999,0,75개의 질문
Build a Mobile App Without Code,https://www.udemy.com/course/build-a-mobile-app-without-code/,Clyde D'Souza,4.394662,7,17,26,1.5시간
Learn Wordpress Gutenberg Block Editor,https://www.udemy.com/course/learn-wordpress-gutenberg-block-editor/,Faisal Iqbal,4.26008,7,670,14,41분
Build an e-learning platform using WIX with no coding,https://www.udemy.com/course/build-e-learning-platform-in-few-steps-using-wix/,Mokhtari Amine,5.0,6,1074,22,3.5시간
How to build Web 3.0 apps with No-code?,https://www.udemy.com/course/how-to-build-web-30-apps-with-no-code/,Matteo Mosca,3.8327298,6,47,12,2시간
AWS - Certified Welding Inspector- SMAW/PAW/GTAW Processes,https://www.udemy.com/course/american-welding-society-certified-welding-inspector-cwi/,Dr Faizuddin Syed,3.1009536,6,37,6,3.5시간
15+ ways to make passive income online,https://www.udemy.com/course/freelancer-for-beginners-and-intermediates-in-freelancing/,Okikiola Emmanuel Omokanye,3.724007,6,730,6,1.5시간
Learn 5 Popular CMS of World. Web Development without Code,https://www.udemy.com/course/5-cms-all-websites-become-a-web-developer-without-coding/,JobboJ Courses,4.356127,6,1152,105,18.5시간
How to Customize & Publish a Simple Website in One Day,https://www.udemy.com/course/launch-a-landing-page-and-start-collecting-leads-in-an-hour/,Michael Martin,4.633584,6,21,18,1시간
How To Start Building Pages & Funnels With Elementor,https://www.udemy.com/course/how-to-start-building-pages-funnels-with-elementor/,The Elite Team,3.4487464,5,917,18,1.5시간
Build a ClassPass Clone with Adalo,https://www.udemy.com/course/building-class-pass-with-adalo/,Erik Goins,4.5959253,5,15,15,2시간
Build Ecommerce Website like Amazon - No Coding Required,https://www.udemy.com/course/build-ecommerce-website-like-amazon-no-coding-required/,urban libraries,5.0,5,58,13,2.5시간
Build a Premium Job Board Website With Wordpress,https://www.udemy.com/course/build-a-premium-job-board-website-with-wordpress/,Shashank Phatkure,5.0,5,501,11,41분
How To Make A Good Website With Wix,https://www.udemy.com/course/how-to-make-a-good-website-with-wix/,The Elite Team,4.2180915,5,859,41,1시간
Create High Converting Real Estate website with WordPress,https://www.udemy.com/course/create-high-converting-real-estate-website-with-wordpress/,Shashank Phatkure,5.0,4,1022,12,1시간
Build a Vehicle Inspection App with AppSheet,https://www.udemy.com/course/build-a-vehicle-inspection-app-with-appsheet/,Benjamin Anderson,4.8766875,4,23,27,3시간
Learn How To Build A Website For Your Business Using WIX,https://www.udemy.com/course/learn-how-to-build-a-website-for-your-business-using-wix/,Chris Porter,4.367639,4,18,31,3.5시간
Wordpress Elementor Course: Develop Site Without Coding,https://www.udemy.com/course/wordpress-elementor-course-develop-site-without-coding/,Stephen Koel Soren,4.4951577,4,2001,11,3.5시간
Create Personal Brand Niche Website without coding,https://www.udemy.com/course/create-personal-brand-niche-website-without-coding/,Being Commerce,5.0,3,11,11,1시간
Website Creation Masterclass 2022: Using WordPress Elementor,https://www.udemy.com/course/complete-website-creation-mastery-2021-wordpress-elementor/,Rahul Arora,4.190847,3,21,59,7.5시간
CSC prep learning made easy with graphics & animations VOL 2,https://www.udemy.com/course/csc-prep-learning-made-easy-with-graphics-animations-vol-2/,L M V Ramamurthy,5.0,3,4,33,6.5시간
Create A STUNNING Wix Website|Wix Website Tutorial,https://www.udemy.com/course/wix-website-tutorial/,Sam Dey,4.335345,3,119,11,1시간
The Complete Amazon Honeycode Course,https://www.udemy.com/course/the-complete-amazon-honeycode-course/,Common Aim,4.1299124,3,1056,19,1.5시간
Creating a Time Limit game with Unity and Playmaker,https://www.udemy.com/course/creating-a-time-limit-game-with-unity-and-playmaker/,Wayne Troskie,3.6978064,3,37,25,5시간
Build Income Making Blogging Website with WordPress FREE,https://www.udemy.com/course/build-income-making-blogging-website-with-wordpress-for-free/,Being Commerce,5.0,3,6,30,3.5시간
App Development MADE EASY : A Glide Apps Course in Glideapps,https://www.udemy.com/course/app-development-made-easy-a-glide-apps-course-in-glideapps/,Akanbi Adedamola,4.0854607,3,26,5,1.5시간
Wordpress for Beginners - Make  6 Different Websites Easily,https://www.udemy.com/course/wordpress-for-beginners-make-6-different-websites-easily/,Kalyanjit Hatibaruah,5.0,3,34,35,5시간
Charge payments with Bubble & Stripe,https://www.udemy.com/course/charge-payments-with-bubble-stripe/,Team Copilot,3.8207233,3,34,19,1.5시간
Create Personal Branding & Blogging Website without coding,https://www.udemy.com/course/create-personal-branding-blogging-website-without-coding/,Being Commerce,4.852941,3,12,24,2시간
"Beginners Guide to WordPress, Elementor & WooCommerce",https://www.udemy.com/course/beginners-guide-to-wordpress-elementor-woocommerce/,Being Commerce,4.625,3,14,35,4시간
Create an App in a Snap without a single line of coding.,https://www.udemy.com/course/create-an-app-in-a-snap-without-a-single-line-of-coding/,Sridhar Iyer,4.8884025,3,58,12,2시간
Building A Quora Clone With No-Code Using Bubble,https://www.udemy.com/course/building-a-quora-clone-with-no-code-using-bubble/,Lachlan Kirkwood,4.5814033,3,50,14,5시간
Build Website like Facebook with WordPress - Simple & Easy,https://www.udemy.com/course/build-website-like-facebook-with-wordpress-simple-easy/,Being Commerce,5.0,3,11,15,1.5시간
Your One-Stop Shop to Learn Webflow for Freelancing in 2022,https://www.udemy.com/course/your-one-stop-shop-to-learn-webflow-in-2022/,Akbar Bakhshi,4.6976743,2,33,59,25.5시간
"High Converting Landing Page With WordPress, CRM & Marketing",https://www.udemy.com/course/high-converting-landing-page-with-wordpress-crm-marketing/,Yishay Yosef,4.512605,2,11,23,2시간
Тhe secrets of the rich!,https://www.udemy.com/course/become-rich-very-rich-by-following-these-steps/,Rubbi Dim,4.219758,2,2,7,1시간
Learn Spring Boot: Create a CRUD application from scratch,https://www.udemy.com/course/learn-spring-boot-create-a-crud-application-from-scratch/,Prashant Sharma,4.5,2,29,25,2시간
App Building for Non Coders and Beginners,https://www.udemy.com/course/appbuildingnotcoder/,Chicvoyage Productions,1.0,1,912,25,1.5시간
SCRATCH Block Based Programming for Kids or Beginners,https://www.udemy.com/course/scratch-block-based-programming-tutorial-for-kids-or-beginners/,Subrat Dash - Tankadhar Training and Research Center,5.0,1,4,18,1.5시간
Build Ecommerce Website For online Business with Wordpress,https://www.udemy.com/course/build-ecommerce-website-for-online-business-with-wordpress/,Being Commerce,5.0,1,12,17,2시간
Become No-Code Artificial Intelligence Engineer: 15 Projects,https://www.udemy.com/course/become-no-code-artificial-intelligence-engineer-15-projects/,Chetan Sharma,3.0,1,33,24,5.5시간
Create a no-code To-Do list app on Bubble.,https://www.udemy.com/course/create-a-no-code-to-do-list-app-on-bubble/,Levon Terteryan,5.0,1,15,14,6시간
Divi Theme for WordPress - Create a one page business site,https://www.udemy.com/course/introduction-to-divi/,Sol Barrera Watters,3.5,1,7,30,2.5시간
The Ultimate Digital Platform Blueprint Module7 and 8,https://www.udemy.com/course/the-ultimate-digital-platform-blueprint-module7-and-8/,Jeanine Osborne,4.5,1,3,8,1시간
Build passive Income home Online Business using WordPress,https://www.udemy.com/course/earn-6-figure-passive-income-online-business-using-wordpress/,Sanjay Chauhan,5.0,1,2,32,4.5시간
Learn how to create a cryptocurrency website on WordPress,https://www.udemy.com/course/learn-how-to-create-a-cryptocurrency-website-on-wordpress/,Tapishi Levis Tangunung,5.0,1,4,5,34분
Build & host a WordPress site loading in less than 1.5 secs.,https://www.udemy.com/course/build-fast-wordpress-website-seo-speed-optimization/,David Anttony,4.5,1,2,19,2시간
Build FREE Ecommerce Website with WordPress & WooCommerce,https://www.udemy.com/course/build-free-ecommerce-website-with-wordpress-woocommerce/,Being Commerce,5.0,1,13,33,2시간
Optimizing WYSIWYG Web Builder Websites for Search Engines,https://www.udemy.com/course/optimizing-your-wysiwyg-web-builder-websites-for-search-engines/,Ishmeal Lamptey,3.5,1,20,39,2시간
"‘Make It Happen, The Life You’ve Always Wanted’",https://www.udemy.com/course/make-it-happen-the-life-youve-always-wanted/,David Jones,0.0,0,6,84,8.5시간
Learn Complete WordPress & Create Your Own Website,https://www.udemy.com/course/learn-complete-wordpress-create-your-own-website/,Bharti Singhal,0.0,0,1,64,4.5시간
Fundamentals of Coding and Programming with Scratch for Kids,https://www.udemy.com/course/fundamentals-of-coding-and-programming-with-scratch-for-kids/,Eduonix Learning Solutions,0.0,0,2,35,1시간
Complete Bubble Plugin Development Course,https://www.udemy.com/course/bubbleplugin/,Ankur khandelwel,0.0,0,3,23,2.5시간
Build your website with WordPress Gutenberg Editor,https://www.udemy.com/course/build-your-website-with-wordpress-gutenberg-editor/,Muhammad Razni Hashim,0.0,0,0,57,1.5시간
Create Own Agency WordPress Website Using Elementor In 2021,https://www.udemy.com/course/create-own-agency-wordpress-website-using-elementor/,Sagar Sp,0.0,0,0,31,5시간
How to Design & Host a Website with the Cost of a Pizza,https://www.udemy.com/course/how-to-design-host-a-website-with-the-cost-of-a-pizza/,Michael Adegoke,0.0,0,0,7,1시간
Digital Transformation,https://www.udemy.com/course/digital-terms-the-world-of-the-future/,Anzera Learning Tech,0.0,0,167,21,1시간
How To Setup A Website,https://www.udemy.com/course/how-to-setup-a-website/,Octavia Racy,0.0,0,1,11,1시간
How To Build Your Website Without Coding In 48 Hours or Less,https://www.udemy.com/course/how-to-build-your-website-without-coding-in-48-hours-or-less/,Mark Emmanuel,0.0,0,3,30,2.5시간
Create a WordPress Website and Sell Courses Online 2021,https://www.udemy.com/course/create-a-wordpress-website-and-sell-courses-online-2021/,M Faizan,0.0,0,5,39,5.5시간
How To Build Your Website Without Coding In 48 Hours or Less,https://www.udemy.com/course/how-to-build-your-website-without-coding-in-48-hours-or-less/,Mark Emmanuel,0.0,0,3,30,2.5시간
The Ultimate Wix Website design and development Mastery.,https://www.udemy.com/course/wixmasterclassbysid/,Siddharth Mohan,0.0,0,3,13,4.5시간
How to Make a WordPress website Step by Step - No Coding,https://www.udemy.com/course/how-to-make-a-wordpress-website-quickly/,Saddam Kassim,0.0,0,1,13,2시간
Complete Tutorial Creating Website in Wordpress in 1 hr,https://www.udemy.com/course/complete-tutorial-creating-website-in-wordpress-in-1-hr/,Sanjay Sharma,0.0,0,0,15,1시간
Webflow Complete Course & SEO Tips: Beginner's Guide,https://www.udemy.com/course/webflow-complete-course-beginner-with-seo-tips/,Vishal Vira,0.0,0,3,20,1.5시간
WordPress website creation from Scratch - A to Z,https://www.udemy.com/course/wordpress-website-creation-from-scratch-a-to-z/,Chandramouli Jayendran,0.0,0,2,24,3시간
ExamPass:  AWS Certified Developer,https://www.udemy.com/course/exampass-aws-certified-developer/,Ruven Naidoo,0.0,0,3,0,120개의 질문
Awesome Engineering and Science Projects for Kids: Part2,https://www.udemy.com/course/awesome-engineering-projects-for-kids-7-12-years/,Sumita Mukherjee,0.0,0,2,11,1시간
Introduction To Blockchain,https://www.udemy.com/course/introduction-to-blockchain-y/,Kartik Gupta,0.0,0,1,7,31분
How to create a Wordpress site from scratch,https://www.udemy.com/course/how-to-create-a-wordpress-site-from-scratch/,Rukq Man,0.0,0,0,15,1.5시간
Build websites without code using Carrd,https://www.udemy.com/course/carrd-tutorials/,Team Xperian,0.0,0,2,12,2시간
Electric vehicle technology from scratch,https://www.udemy.com/course/electric-vehicle-technology-from-scratch/,Prabhuling Patil,0.0,0,1,10,1시간
WP The Easy Way,https://www.udemy.com/course/wp-the-easy-way/,James Thomas,0.0,0,1,25,6.5시간
Learn how to create minecraft servers,https://www.udemy.com/course/create-minecraft-servers/,Stoica Stefan,0.0,0,1,6,1시간
Ultimate Guide to Use WordPress Gutenberg Editor (2022),https://www.udemy.com/course/ultimate-guide-to-use-wordpress-gutenberg-editor/,Sagar Jaiswal,1.0,2,2003,31,3시간
Build A Responsive Website From Scratch - Master Wordpress,https://www.udemy.com/course/build-a-responsive-website-from-scratch-master-wordpress/,Mr.Isaac Osei Asante,0.0,0,0,18,3시간
Salesforce tutorial: how to create apps in salesforce,https://www.udemy.com/course/salesforce-tutorial-how-to-create-apps-in-salesforce/,Dave Partner,0.0,0,1,7,1.5시간
How to build a high performing website from scratch,https://www.udemy.com/course/how-to-build-a-high-performing-website-from-scratch/,Steph Hatt,0.0,0,0,49,2시간
Create a One Page Website with Carrd!,https://www.udemy.com/course/carrd-tutorial/,David Utke,0.0,0,4,9,33분
Learn How To Build a Web Application Without Coding,https://www.udemy.com/course/learn-how-to-build-a-web-application-without-coding/,Ned Pajic,4.244913,1299,33541,10,32분
Joomla: Create a Joomla Website This Weekend With NO CODING!,https://www.udemy.com/course/joomla-create-a-joomla-website-this-weekend-with-no-coding/,Christine Maisel,4.33175,865,31517,30,2시간
WIX Tutorial For Beginners - Make A Wix Website Today!,https://www.udemy.com/course/wix-website-tutorial-for-beginners/,Greg Gottfried,4.698314,655,13551,7,1시간
Free Website Builder /  Application Builder,https://www.udemy.com/course/build-website/,Manish Gupta,3.685115,377,24960,16,2시간
Beginner's Guide: Use Bubble to Build an App Without Coding,https://www.udemy.com/course/beginners-guide-use-bubble-to-build-an-app-without-coding/,Gaby Roman,4.466974,330,8653,13,4.5시간
Wordpress and Elementor Tutorials Masterclass,https://www.udemy.com/course/wordpress-and-elementor-pro-tutorials-masterclass/,Chetan K,4.334642,318,9887,11,2시간
Velo by Wix Part 1: Editor and Velo Basics,https://www.udemy.com/course/corvid-for-wix-part-1-editor-and-corvid-basics/,Will Fourie,4.9209495,214,3160,6,2시간
How To Make A Web Page With No Code,https://www.udemy.com/course/how-to-make-a-web-page-with-no-code/,David Bentley,4.3512497,208,15206,23,2시간
How to Make a WordPress Website (Drag & Drop Builder),https://www.udemy.com/course/how-to-make-a-wordpress-website-drag-drop-builder/,Hogan Chua,4.419061,207,10955,22,2.5시간
Build a Task Tracker App with AppSheet,https://www.udemy.com/course/build-a-task-tracker-app-with-appsheet/,Benjamin Anderson,4.6933603,184,1608,23,1.5시간
Create a Portfolio Website on Blogger - NO CODING EXPERIENCE,https://www.udemy.com/course/create-professional-portfolio-website-on-blogger-no-coding/,MD AZHARUL ISLAM RAFY,4.676755,157,10036,18,1시간
Wordpress and Beaver Builder Quick Website Design Series,https://www.udemy.com/course/wordpress-and-beaver-builder-quick-website-design/,Dave Spicer,4.219089,138,7310,9,1시간
Wix Website Design - Go from Beginner to Pro in 1 Hour!,https://www.udemy.com/course/wix-tutorial/,Daragh Walsh,4.5871377,136,2626,18,1시간
Elementor 2.0 Wordpress Essential Training to build websites,https://www.udemy.com/course/elementor-wordpress-essential-training/,Ankit Sharma,4.666651,134,4872,22,2시간
Elementor Page Builder - Complete Beginner's Guide,https://www.udemy.com/course/elementor-page-builder-complete-beginners-guide/,Michael Gates,3.93985,108,3266,12,38분
How to Create a WordPress Website Using Elementor,https://www.udemy.com/course/how-to-create-a-wordpress-website-using-elementor/,Gvidas Maskoliunas,4.4679027,106,5808,19,2시간
Create a Personal Brand Website without coding | 2021,https://www.udemy.com/course/create-a-personal-brand-website-without-coding/,Dheeraj Sharma,3.6297214,105,11586,14,1시간
Velo by Wix Part 2: User Inputs and Data Basics,https://www.udemy.com/course/corvid-for-wix-part-2-user-inputs-and-data-basics/,Will Fourie,5.0,98,2013,13,2시간
Velo by Wix Part 3: Dynamic Pages and Repeater Basics,https://www.udemy.com/course/corvid-for-wix-part-3-dynamic-pages-and-repeater-basics/,Will Fourie,4.296394,67,1972,7,1.5시간
WIX Website Tutorial for Complete Beginners: Zero To Expert,https://www.udemy.com/course/2020-wix-website/,Rebekah Chatman,3.6929948,58,5073,5,41분
Excel Automation using Uipath,https://www.udemy.com/course/excel-automation-using-uipath/,Mohammed Shahin,4.3828506,57,1295,21,1.5시간
Build a Pro Website in 30 minutes with WordPress & Wix,https://www.udemy.com/course/build-a-pro-website-in-30-minutes/,Diego Davila • 650.000+ Students,4.6261435,51,3915,13,1시간
Git & GitHub Complete Guide,https://www.udemy.com/course/git-n-github-complete-guide/,HuXn WebDev,4.4549613,49,3685,12,2시간
EverWeb Website Builder: Create a Website Visually,https://www.udemy.com/course/everwebcourse/,EverWeb Learning Center,4.0132265,47,8924,33,2시간
How to Create a Website With Zyro Website Builder,https://www.udemy.com/course/how-to-create-a-website-using-zyro-website-builder/,Gvidas Maskoliunas,4.493405,37,3005,24,1시간
Word Press Basics,https://www.udemy.com/course/how-to-design-wordpress-website/,Mohan Babu Vej,4.0505733,34,1890,12,2시간
Build a WordPress Blog in No Time!,https://www.udemy.com/course/build-a-wordpress-blog-in-no-time/,Hasan Aboul Hasan,4.9796343,34,997,30,2시간
Citizen Developers of Low-Code / No-Code,https://www.udemy.com/course/citizen-developers-of-low-code-no-code/,David Soden,4.5333533,31,740,14,1.5시간
Wix Web Designing and Development Beginner to Pro,https://www.udemy.com/course/wix-web-designing-and-development-beginner-to-pro/,Muhammad Sufyan Ali,3.6307845,25,6789,15,2.5시간
Quix Joomla Page Builder - Create Pixel Perfect Websites P1,https://www.udemy.com/course/quix-joomla-page-builder-create-pixel-perfect-websites-p1/,Mathew Tamin,3.9132419,24,2202,36,2시간
How to Start a Blog - 2021 - (Self-Hosted WordPress Blog),https://www.udemy.com/course/how-to-start-a-blog-2021/,Martie Dread,4.4053288,20,1282,9,34분
Learn How To Build A Website On WordPress Using SEO,https://www.udemy.com/course/buildwordpress/,Emmaricia Madison,3.6712165,18,3303,7,1시간
Easy Website Design with Google Sites,https://www.udemy.com/course/easy-website-design-with-google-sites/,Dr Gerard Boey Kong Hoong,4.388209,16,714,13,1.5시간
FOUNDATION COURSE ON THEORY OF COMPUTATION,https://www.udemy.com/course/foundation-course-on-theory-of-computation/,ASWIN Chandran,4.7074656,15,786,5,33분
How to install WordPress Website From Scratch - No Coding,https://www.udemy.com/course/how-to-install-wordpress-website-from-scratch-no-coding/,Being Commerce,4.2210956,14,769,16,1시간
How To Make a Viral WordPress Blog & Ecommerce Website,https://www.udemy.com/course/how-to-make-a-viral-wordpress-blog-ecommerce-website/,RANA SINGH,4.5069995,13,1102,11,32분
LandingPage Design & Conversion Rate Optimization 2021 HINDI,https://www.udemy.com/course/landing-page-design-conversion-rate-optimization-2020/,Gaurav Agrawal,4.0768547,12,1582,6,1.5시간
Blue Prism - Working with PDF,https://www.udemy.com/course/blue-prism-working-with-pdf/,Bytescout Academy,4.6372337,11,2237,7,32분
Build your web and mobile application with AWS Honeycode,https://www.udemy.com/course/build-your-web-and-mobile-application-with-aws-honeycode/,Harshit Srivastava,4.3686376,10,3436,11,1시간
Create a Minimal Real Estate Website,https://www.udemy.com/course/create-a-minimal-real-estate-website/,Jinhoe Lian,4.4340177,9,1050,20,1.5시간
Data Engineer: Prepare Financial Data for ML and Backtesting,https://www.udemy.com/course/data-engineer-prepare-financial-data-for-ml-and-backtesting/,Shaun McDonogh,4.7788873,8,960,16,1.5시간
Lean Data Practices for Startups and Entrepreneurs,https://www.udemy.com/course/lean-data-practices/,Mozilla Lean Data Practices,4.1384635,5,573,34,2시간
First Time Coders,https://www.udemy.com/course/first-time-coders/,Mike Merkur,4.45265,4,966,36,1시간
7 days course on how to build a chatbot with no code,https://www.udemy.com/course/7-days-course-on-how-to-build-a-chatbot-with-no-code/,Yanis Ideta,4.5733724,4,905,7,43분
Install and Configure Recommended Pro plugins For WordPress.,https://www.udemy.com/course/pro-wordpress-plugins/,Sagar Sp,4.5588236,2,811,8,1.5시간
Success Series: Creating a blog to share knowledge,https://www.udemy.com/course/success2/,Yadvinder Singh,3.759036,2,577,10,31분
Learning Your Google Count via Online Reputation Management,https://www.udemy.com/course/learning-your-google-count-via-online-reputation-management/,Dr. Dheeraj Mehrotra,4.0,1,310,10,44분
How To Make Blog In wordpress,https://www.udemy.com/course/how-to-make-blog-in-wordpress/,Rohit Marathe,0.0,0,415,14,1.5시간
Create an Ecommerce Website with WordPress + Flatsome Part2,https://www.udemy.com/course/create-an-ecommerce-website-with-wordpress-flatsome-part2/,Wordpress Guru,0.0,0,400,12,1시간
Emerging Telehealth Use in Pediatric Therapy,https://www.udemy.com/course/emerging-telehealth-use-in-pediatric-therapy/,Kirstan A DuBree,0.0,0,252,6,30분
Master Wordpress Quickly: In an hour-Become a Freelancer,https://www.udemy.com/course/master-wordpress-quickly-in-an-hour-become-a-freelancer/,Atul Chandra,0.0,0,614,20,1.5시간
Create an Ecommerce Website with WordPress + Flatsome Part1,https://www.udemy.com/course/create-an-ecommerce-website-with-wordpress-flatsome-part1/,Wordpress Guru,0.0,0,646,16,2시간
Curso Elementor Wordpress: Criando Sites com Elementor,https://www.udemy.com/course/curso-elementor-wordpress-essentials/,Rafael .CG + 5.000 alunos,4.6220922,974,3444,101,9시간
Elementor PRO - Como Criar Temas Personalizados no WordPress,https://www.udemy.com/course/elementor-pro-como-criar-temas-personalizados-no-wordpress/,Viana Patricio,4.7501974,788,2289,27,3.5시간
Wix : créez votre site web de A à Z sans coder !,https://www.udemy.com/course/creation-site-internet-wix/,Matthieu Blanco,4.397447,300,1121,28,4시간
WordPress 2021 vom Anfänger zum Profi,https://www.udemy.com/course/wordpress-2020-vom-anfanger-zum-profi/,Astrid Mähner,4.5905924,293,1701,72,12시간
Introducción a Amazon Web Services (AWS),https://www.udemy.com/course/introduccion-a-amazon-web-services-aws/,Datapath .,4.086901,265,18658,54,6.5시간
Crear una Página Web En 2021 - Con WordPress Y Elementor,https://www.udemy.com/course/crear-una-pagina-web-en-2020/,Nicolas Melian,4.251331,247,5096,25,2시간
ノーコードで超速WEB制作　STUDIO学習完全パック（初級〜上級編）,https://www.udemy.com/course/studio-complete-pack/,おたろう STUDIOでノーコードWEB制作,4.660094,221,1049,78,7.5시간
初心者OK！プログラミング不要！WordPressウェブサイト制作入門講座,https://www.udemy.com/course/wp-beginner/,コウ 吉良,4.534039,210,1016,46,4.5시간
Elementor Completo | Do Zero ao Avançado (2 Projetos),https://www.udemy.com/course/curso-de-elementor/,Rafael Mota,4.350876,200,1059,60,6.5시간
Introducción a Google Cloud Platform,https://www.udemy.com/course/introduccion-a-google-cloud-platform/,Datapath .,2.4590635,199,20116,65,3.5시간
Créez des sites & thèmes WordPress avec Elementor sans coder,https://www.udemy.com/course/creez-des-themes-wordpress-pro-avec-elementor-sans-coder/,Etienne de Saint Victor,4.620492,187,993,47,4.5시간
【WEBデザイン入門】プログラミング不要！Wixで本格的なWEBサイトを作ろう！サイト作成・公開・SEO対策まで。,https://www.udemy.com/course/wix-webdesignn/,渡部 学,4.3190784,155,822,59,3.5시간
【Nocode】1時間半でBubbleの基礎を学ぼう,https://www.udemy.com/course/nocode_bubble2020/,あず まる,4.2683306,151,1390,22,1.5시간
初心者OK！WordPress(ワードプレス)で自己ブランディングのためのお洒落なホームページ制作の方法を学ぼう。,https://www.udemy.com/course/wordpress-entry/,Atsushi Hamada （浜田 篤）,4.0732727,150,862,47,2시간
Criar Sites Responsivos Sem Programar - Fácil e Rápido!,https://www.udemy.com/course/criar-sites-responsivos-sem-programar-facil-e-rapido/,Micael Petrucio,5.0,113,2556,22,2시간
Crea tiendas y sitios web desde cero con Elementor Pro (2x1),https://www.udemy.com/course/elementor-pro/,Marco A,4.496624,113,428,78,10.5시간
Crea Paginas Web de Otro Planeta (Wordpress y Elementor),https://www.udemy.com/course/crea-paginas-web-de-otro-planeta-wordpress-y-elementor/,Miguel Aspiazu,4.4400554,101,5697,39,5시간
Inteligencia Artificial Moderna con Cero Código,https://www.udemy.com/course/inteligencia-artificial-moderna-con-cero-codigo/,"Dr. Ryan Ahmed, Ph.D., MBA",4.7620254,100,752,69,14.5시간
Elementor - Crie a sua Página de Vendas no Modelo da Hotmart,https://www.udemy.com/course/elementor-pagina-de-vendas-modelo-da-hotmart/,Yohan Simões Bravo,4.8612685,92,297,41,5시간
Power Apps × Power Automate 超入門講座,https://www.udemy.com/course/power-apps-power-automate/,ヒョウノ モトハル,4.36361,75,798,57,3.5시간
Wix İle Sıfırdan Profesyonel İnternet Sitesi Kurulumu,https://www.udemy.com/course/wix-ile-eticaret-blog-ve-kurumsal-internet-sitesi-kurulumu/,Tolgahan Koyuncu,4.4314384,70,1593,41,5.5시간
WiX: cómo crear páginas web increíbles paso a paso,https://www.udemy.com/course/crea-paginas-web-profesionales-sin-apenas-esfuerzo-con-wix/,Miguel López Moreno,4.4679675,66,300,64,13.5시간
Maquetación web profesional con WordPress + Elementor Free,https://www.udemy.com/course/maquetacion-web-profesional-con-wordpress-elementor-free/,Daniel Sánchez Romero,4.0961056,64,530,55,7시간
Programação de Robô Industrial de Solda,https://www.udemy.com/course/programacao-de-robo-industrial-de-soldagem/,Cássio Ribeiro,4.448195,63,143,36,6.5시간
初心者から始める！ノーコードでアプリ開発！| AppSheetの使い方マスター講座|1つのアプリができるまで,https://www.udemy.com/course/appsheet/,とと (jibun_dx),4.4337935,61,460,122,21시간
Curso de Power Apps aprenda criar seu próprio Aplicativo,https://www.udemy.com/course/curso-de-power-apps-aprenda-criar-seu-proprio-aplicativo/,Clevison Santos,4.7062078,61,319,66,11.5시간
Introduccion a la programacion con PSeint,https://www.udemy.com/course/introduccion-a-la-programacion-con-pseint-o/,Juan Figueroa Trejo,4.592147,60,6199,47,6시간
Criando Apps Sem Programar Com Adalo,https://www.udemy.com/course/criando-apps-sem-programar-com-adalo/,Mauricio Longo,4.7539444,60,119,49,4.5시간
UNITY & BOLT : Créer des jeux SANS CODER (visual scripting),https://www.udemy.com/course/unity-2020-bolt-creer-des-jeux-sans-coder-visual-scripting/,"Anthony Cardinale | C#, Unity, Blender, Unreal, Godot",4.695687,59,259,35,6시간
【完全版】Google AppSheet Automationマスター講座|業務プロセスをノーコードで自動化しよう,https://www.udemy.com/course/google-appsheet-automation/,とと (jibun_dx),4.644365,58,571,102,10.5시간
【RPA】プログラミングをせずにバックオフィス業務を自動化しよう！【UiPath StudioX 入門編】,https://www.udemy.com/course/uipath-studiox-basics-japanese-nocode-backoffice/,【仕事ハック】 レオナルド,4.171104,56,433,56,3시간
Curso iniciantes - Programação para Wix,https://www.udemy.com/course/curso-basico-de-wixcode/,Bad Drow,4.5683937,54,90,25,4.5시간
プログラミング不要！WordPressとelementorで作るランディングページ製作講座,https://www.udemy.com/course/wp-elementor/,コウ 吉良,4.750882,53,307,53,5시간
Construye páginas web MODERNAS y PROFESIONALES con ELEMENTOR,https://www.udemy.com/course/construye-paginas-web-modernas-y-profesionales-con-elementor/,David Sáez Nova,4.234606,53,172,42,4시간
SELENIUM IDE: Pruebas Automatizadas sin Código (EN ESPAÑOL),https://www.udemy.com/course/selenium-ide-pruebas-automatizadas-sin-codigo-en-espanol/,Rodrigo Villanueva Nieto,4.671179,51,150,62,5시간
Визуальное программирование без кода. Basic Bubble developer,https://www.udemy.com/course/visual-programming/,Евгения Василенко,4.6412582,51,235,39,9시간
KOD YAZMADAN MOBİL UYGULAMA YAPMA | Kodular Eğitim 〈 Ruwis 〉,https://www.udemy.com/course/kod-yazmadan-mobil-uygulama-yapma-kodular-egitim-seti/,Ömer Gündoğar,4.568318,50,2366,51,11시간
Aprenda Bubble No-Code do zero,https://www.udemy.com/course/aprenda-nocode-bubble-do-zero/,Silas da Silva Oliveira,3.8831375,50,229,76,15.5시간
Augelab Studio No-Code Görüntü İşleme ve Yapay Zeka Eğitimi,https://www.udemy.com/course/augelab-studio-goruntu-isleme-ve-yapay-zeka-egitimi/,Yunus Emre Çelik,4.3140845,48,2350,37,3.5시간
Crea la tecnología para tu startup sin programar con Bubble,https://www.udemy.com/course/tech-sin-programar/,Juan Pablo Velasquez,4.2782087,47,151,68,8시간
احتراف تصميم المتاجر الالكترونية بإستخدام موقع يوكان,https://www.udemy.com/course/ucatrvpr/,Ahmed Ali,4.6881785,47,3665,18,2시간
"Cómo Crear Apps Sin Programar, Monetizarlas y Promocionarlas",https://www.udemy.com/course/como-crear-apps-sin-programar-monetizarlas-y-promocionarlas/,ASOApp Company,4.1325955,46,806,64,4시간
Creare il tuo negozio online da zero con Shopify (2021),https://www.udemy.com/course/corso-negozio-online-shopify/,Niccolo Gloazzo,4.378664,45,379,15,1시간
Corso per creare App senza essere programmatori Gratis,https://www.udemy.com/course/corso-per-creare-app-gratis/,Guglio Willa,4.439753,44,216,42,2시간
Inteligencia Artificial y Big Data con Power BI web services,https://www.udemy.com/course/inteligencia-artificial-y-big-data-con-power-bi-web-services/,Pedro Daniel Alcalá Rojas,4.278627,43,320,50,5시간
Curso de Wix 2022: Cómo Crear una Página Web Desde Cero,https://www.udemy.com/course/curso-de-wix-como-crear-paginas-web-increibles-paso-a-paso/,Renato Jesús Yacolca Neyra,4.2765627,41,2105,20,6시간
【超入門】初心者向け｜Power Automate Desktop でWebスクレイピングするロボットを作成しよう,https://www.udemy.com/course/power-automate-desktop/,たらこ 事務職,3.9761593,40,333,10,32분
Elementor Free e Pro per Wordpress. Base ed Avanzato,https://www.udemy.com/course/elementor-free-wordpress-seo-addons-temi-contenuti/,Roberto Santoli,3.2457151,39,233,38,6시간
"Crie sites, lojas e landing pages incríveis com Wordpress",https://www.udemy.com/course/wordpress-e-woocommerce-do-zero/,Marcleiton Almeida,4.472451,39,198,277,31.5시간
Siberian CMS: crea y publica una app en play store/app store,https://www.udemy.com/course/siberian-cms-crea-y-publica-una-app-en-play-store-app-store/,G. Mizael Mtz Hdz,4.365768,38,16809,69,3.5시간
N8N Para Iniciantes,https://www.udemy.com/course/n8n-para-iniciantes/,Autotic - Automação de E-mail Marketing,4.533634,37,444,25,2시간
Wix - Criação de Websites - Completo,https://www.udemy.com/course/wix-completo/,Douglas Mendes Mariano,4.2996387,36,176,30,2시간
Microsoft Kodu ile Oyun Kodlama,https://www.udemy.com/course/kodugamelab/,Erdinç DÖNMEZ,4.89503,35,1313,60,8.5시간
Làm phần mềm không cần code với Bubble qua dự án thực tế,https://www.udemy.com/course/lam-phan-mem-khong-can-code-voi-bubble-qua-du-an-thuc-te/,Khoa Nguyen,4.787907,34,323,45,4.5시간
Membuat Beragam Aplikasi Android Tanpa Koding via Andromo V3,https://www.udemy.com/course/membuat-beragam-aplikasi-android-tanpa-koding-via-andromo-v3/,Remote Worker Indonesia,4.666263,31,358,65,5시간
Curso avançado - Programação para Wix,https://www.udemy.com/course/curso-wixcode-pro/,Bad Drow,4.734692,31,80,54,8.5시간
Sıfırdan Kodlamasız E-Ticaret Sitesi Kurulumu,https://www.udemy.com/course/praakademi-sifirdan-kodlamasiz-e-ticaret-sitesi-kurulumu/,Pra Akademi,4.499927,30,2967,35,4시간
Quanten Computer für Einsteiger,https://www.udemy.com/course/quanten-computer-fur-einsteiger/,Alexandra Müller,3.719144,29,215,31,4.5시간
"Criando web site rápido, fácil e sem códigos com Mobirise",https://www.udemy.com/course/criando-web-site-rapido-facil-e-sem-codigos-com-mobirise/,Adail Viana Neto,4.211833,28,136,32,3.5시간
アイディアがあればOK！コードが書けなくてもモバイルアプリ開発ができるノーコードツール「Adalo」の使い方完全攻略,https://www.udemy.com/course/adaloadalo/,Shunsuke Hayashi,4.157549,28,184,20,1시간
Wie man eine Homepage oder einen Blog mit WordPress erstellt,https://www.udemy.com/course/wie-erstelle-ich-eine-homepage-oder-einen-blog-mit-wordpress/,mike omar,2.7538147,27,1555,5,1.5시간
Wordpress & SEO: Eigene Blog Webseite in 45 MIN! (NO CODING),https://www.udemy.com/course/wordpress-seo-eigene-blog-webseite-in-45-min-no-coding/,Yupex Academy,3.653412,26,1038,34,1.5시간
Eplan Eğitimi (Örnek Projeli ve Açıklamalı Anlatım),https://www.udemy.com/course/eplan-egitimi-detayli-anlatim/,Hasan Ali ÖZKAYA,3.4558017,25,121,41,5.5시간
Curso de Mobirise - Desenvolvendo Sites e Landing Pages,https://www.udemy.com/course/curso-de-mobirise-desenvolvendo-sites-e-landing-pages/,Rodolfo Nascimento,4.2051425,23,101,33,2.5시간
Wix Meisterkurs 2021 : Der komplette Wix Kurs für Anfänger,https://www.udemy.com/course/wix-meisterkurs-der-komplette-wix-kurs-fur-anfanger/,Amar Tripathi,2.9838333,22,400,20,2.5시간
Build Your Website with weebly - without Coding,https://www.udemy.com/course/build-your-website-without-coding/,Rikhil Nagpal,4.461264,22,2510,10,1시간
もう挫折しない「Bubble」| 最も丁寧なBubble講座[ノーコード],https://www.udemy.com/course/bubble-bubble/,Nocode Dojo,3.7831767,22,72,31,3시간
Come creare una Landing Page e una Newsletter con Wordpress,https://www.udemy.com/course/landing-page-per-la-vendita-e-newsletter-email-marketing/,Edoardo Rinaldi,4.515575,22,101,31,7.5시간
Elementor Pro - Crea la tua prima pagina per Wordpress,https://www.udemy.com/course/elementor-pro-per-wordpress/,Maria Crucitti,3.8214433,22,81,10,1시간
Curso Weebly 2022: Cómo Crear Una Página Web Desde Cero,https://www.udemy.com/course/curso-weebly-como-crear-una-pagina-web-desde-cero/,Renato Jesús Yacolca Neyra,4.408303,21,2742,13,3시간
Curso Wordpress para triunfar en Internet y ganar dinero ya,https://www.udemy.com/course/wordpress-para-crear-paginas-web-o-tu-blog-y-monetizacion/,Erasmo Cesar Ortuño Morales,3.665372,21,856,20,1.5시간
Corso completo di Bubble - Livello base,https://www.udemy.com/course/corso-completo-di-bubble-livello-base/,Senza Codice,3.9991136,20,74,22,10시간
"Editor X, le CMS professionnel de Wix #editorx #editor x",https://www.udemy.com/course/editor-x-wix/,Joris Wagner,4.3079243,20,92,33,4시간
WordPress Elementor - Criando sites profissionais do zero,https://www.udemy.com/course/wordpress-elementor-criando-sites-profissionais/,Matheus Fraga,4.0627737,19,89,43,4시간
WordPressを使ってほぼ無料でECサイトを作成する方法,https://www.udemy.com/course/wordpress-homepage-for-free/,根本耕輔 @KCLUB MARKETING,4.5419507,19,130,29,2시간
Crea Tu Sitio Web con Wordpress + Elementor Curso Completo,https://www.udemy.com/course/curso-completo-crea-un-sitio-web-con-wordpress-elementor/,Natanael Echegaray,4.019059,19,70,39,5시간
Páginas de Vendas com Wordpress - O Curso Completo,https://www.udemy.com/course/paginadevendas/,Emerson Patron,3.2995567,19,61,37,3.5시간
Créez un site moderne et professionnel avec WordPress 5,https://www.udemy.com/course/creez-un-site-avec-wordpress/,Dr. Firas | Machine Learning et Big Data,4.4940324,18,658,73,8.5시간
Automatização de Processos sem Programação e sem Gastar nada,https://www.udemy.com/course/automatizacao-de-processos-sem-programacao-e-sem-gastar-nada/,Felipe Person Malta,4.7705264,18,69,46,5.5시간
Elementor Proを使いWordPressでECサイトを作成する方法,https://www.udemy.com/course/elementor-pro-ecommerce/,根本耕輔 @KCLUB MARKETING,4.7690144,17,119,35,2시간
Neumática Básica,https://www.udemy.com/course/neumatica-basica/,Crox Global Technology,4.847195,17,58,27,2시간
【初心者向け】50分でジンドゥー(Jimdo)を使いこなしホームページを作成する実践講座,https://www.udemy.com/course/jimdofree/,岡本宗一郎 (Soichiro Okamoto),4.8426013,17,186,36,1시간
Jimdo Creator Webdesign - Erstelle deine Website von A - Z,https://www.udemy.com/course/jimdo-creator-erstelle-deine-eigene-website/,Christian Durrer,4.6437764,16,115,65,6.5시간
ノーコードツール Adalo でlinktree clone アプリを作る,https://www.udemy.com/course/adalo-linktree-clone/,Shunsuke Hayashi,3.7595298,16,95,11,1시간
Arduino ile Adım Adım Robotik Kodlama,https://www.udemy.com/course/arduino-ile-robotik-kodlama-baslangc-seviye-kursu/,Öğrenme Ağacı,4.1891527,16,77,28,3.5시간
Mobirise 4 - Crie um site responsivo em poucas horas,https://www.udemy.com/course/mobirise-4/,WANDERSON DE JESUS APARECIDO,4.0305,15,42,60,8시간
WordPressを使ってほぼ無料で会員サイトを作成する方法,https://www.udemy.com/course/wordpress-membership-website/,根本耕輔 @KCLUB MARKETING,4.7823195,15,120,81,3.5시간
Wix副業デザインコース【在宅副業におすすめ】,https://www.udemy.com/course/wix_side_business_design_course/,迫　俊太 (Shunta Sako),4.3423953,15,92,63,6시간
Advance level of blogging course in हिंदी,https://www.udemy.com/course/advance-level-of-blogging-course-in-hindi/,Mohit Sharma,4.220193,14,729,26,2시간
GDevelop 5: Spieleentwicklung für Anfänger (2D Plattformer),https://www.udemy.com/course/gdevelop-5-spieleentwicklung-fur-anfaenger-2d-plattformer/,Stefan Bachmeier,4.894045,14,56,34,3.5시간
Wordpress virtualizado + Elementor Grátis,https://www.udemy.com/course/virtualbox-wordpress-plugin-elementor-ambiente-completo/,Paulo Henrique da Costa Barbosa,4.184439,14,766,11,1.5시간
Termux para principiantes,https://www.udemy.com/course/termux-para-principiantes/,Onan Gabriel Hernández,3.7955532,14,1911,21,2시간
Elementor ProでLP（ランディングページ）を作成する方法,https://www.udemy.com/course/elementor-pro-landing-page/,根本耕輔 @KCLUB MARKETING,4.3177133,15,193,23,1.5시간
Desenvolvimento NoCode com o Maker Studio,https://www.udemy.com/course/desenvolvimento-maker-studio/,Softwell Solutions,4.7831626,13,42,101,18.5시간
アプリ間通知や共有をノーコードで自動化! 会社員のためのZapierハンズオン研修会,https://www.udemy.com/course/zapier-automation/,セム Mayumi Shinya,4.666917,13,101,16,1.5시간
Diseño de sitios web con Mobirise,https://www.udemy.com/course/disena-tu-sitio-web-con-mobirise/,Juan Carlos Guerrero Pérez,4.3659425,13,52,33,2.5시간
Domine o elementor,https://www.udemy.com/course/domine-o-elementor/,Vejaeaprenda Treinamentos em Software,3.8489842,12,72,23,3시간
ノーコードで起業するための完全ガイド | Bubbleの基本操作＋要件定義＋実践開発,https://www.udemy.com/course/bubble-q/,Nocode Dojo,3.1846478,12,106,41,5.5시간
Le guide complet des 30 meilleurs plugins WordPress,https://www.udemy.com/course/le-guide-complet-les-meilleurs-plugins-wordpress/,Dr. Firas | Machine Learning et Big Data,4.5491824,12,1361,47,6.5시간
Les bases d'Airtable,https://www.udemy.com/course/bases-airtable/,Noam Say,4.882923,12,27,151,8.5시간
Crea una web como AMAZON o EBAY con WordPress y WooCommerce,https://www.udemy.com/course/crea-una-web-como-amazon-ebay-con-wordpress/,Kenneth Trigueros Ramírez,4.689807,12,169,34,5시간
【完全攻略】WordPressブログ構築マスターコース,https://www.udemy.com/course/wordpress-blog-master/,カトー ヒサヨシ,4.584979,11,97,56,4.5시간
Electroneumática Proporcional,https://www.udemy.com/course/curso-de-electroneumatica-proporcional/,Crox Global Technology,4.4523787,11,68,52,5시간
Bubble/io - No-Code Webapps wie Reddit und Tinder,https://www.udemy.com/course/bubble-io/,Daniel Wintermeyer,3.415951,10,56,24,6시간
WordPress Elementor Pro | De Débutant à Expert 2022,https://www.udemy.com/course/formation-wordpress-elementor-pro/,Dr. Firas | Machine Learning et Big Data,4.6877675,10,371,35,4.5시간
Automação Completa no QGIS,https://www.udemy.com/course/automacao-completa-no-qgis/,Herbert Lincon Rodrigues Alves dos Santos,4.5510793,10,107,97,10.5시간
業務課題をアプリで解決！ノーコードアプリ開発マスター講座｜課題明確化からアプリ企画・設計まで,https://www.udemy.com/course/nocode_designing/,とと (jibun_dx),4.7571545,9,157,65,4.5시간
Crea tu pagina web PROFESIONAL con WordPress y Elementor,https://www.udemy.com/course/crea-tu-pagina-web-profesional-con-wordpress-y-elementor/,Balta CM,4.3070936,9,1009,28,4시간
"Aplicativos Android, IOS e PWA com Adalo",https://www.udemy.com/course/adalo-integromat/,Matheus G. Spartalis,4.5786843,9,48,9,2.5시간
【ブログ】Wordpressブログをはじめる方法！初心者のあなたの為に、ゼロからブログの立ち上げ方を徹底解説したコース,https://www.udemy.com/course/start-wordpress/,藤本 瞳,4.957393,9,359,88,4.5시간
なぞってつくるランディングページWix基礎講座【在宅副業におすすめ】,https://www.udemy.com/course/wix-basic-course/,迫　俊太 (Shunta Sako),4.694971,9,56,26,1.5시간
Unreal Engine 4: Sistema de inventário e sobrevivência,https://www.udemy.com/course/sistema-de-inventario-unreal-engine-4/,Willian Ferreira da Rocha,4.2980533,9,68,34,11시간
Clonando o Mercado Livre no Bubble,https://www.udemy.com/course/clonando-o-mercado-livre-no-bubble/,Silas da Silva Oliveira,4.546125,9,46,24,6시간
Seguridad y Privacidad en Telegram. Crea bots sin Programar.,https://www.udemy.com/course/seguridad-privacidad-en-telegram-crea-bots-sin-programar/,Alvaro Chirou • 430.000+ Students Worldwide,3.8135672,9,1029,69,4.5시간
ノーコードBubbleで『ツイッター』を作ろう！ | ツイート作成、フォロー、メッセージ機能を実装します。,https://www.udemy.com/course/bubble-w/,Nocode Dojo,4.354894,9,49,52,5시간
Elementor créer un site web Wordpress sans coder,https://www.udemy.com/course/elementor-creer-un-site-web-wordpress-sans-coder/,Nicolas Forgue,3.917524,9,49,108,15시간
WordPressを使ってほぼ無料でホームページを作成する方法,https://www.udemy.com/course/how-to-make-homepage-using-wordpress-for-free/,根本耕輔 @KCLUB MARKETING,4.6545806,8,62,17,1.5시간
كورس تصميم موقع علي جوجل google sites  من البداية للنهاية,https://www.udemy.com/course/google-sites-aminalmitwali/,Amin almitwaliy,4.713836,8,317,13,1.5시간
はじめてのGoogle AppSheet入門 - ノーコード開発を体験しよう【2022年最新版】,https://www.udemy.com/course/google-app-sheet/,中村 祐太 Yuta Nakamura,4.385741,8,126,30,1.5시간
ゼロからのLearnDashの使い方プログラム,https://www.udemy.com/course/how-to-use-learndash/,根本耕輔 @KCLUB MARKETING,4.75872,8,65,72,3시간
Wordpress: Web Site Tasarımı Eğitimi Uygulamalı (Elementor),https://www.udemy.com/course/wordpress-surukle-ve-birak-yontemi-ile-web-site-yapimi/,Naci GÜRZ,4.730296,8,72,41,5.5시간
Elementor - от новичка до профи,https://www.udemy.com/course/ab-elementor/,Anfisa Breus,5.0,7,31,111,23시간
かんたん！先人の失敗から学ぶGit講座,https://www.udemy.com/course/git-learning/,大塚 浩史,4.3627777,7,40,18,1시간
تعلم الريسكين الاحترافي للألعاب والتطبيقات للاندرويد,https://www.udemy.com/course/reskin_app/,ELsayed Sami kamal,4.701685,7,24,21,2시간
WordPress【2022】-免費創作屬於你的網站!! - 繁體中文,https://www.udemy.com/course/wordpressjohn01/,JOHN Chang,4.432494,7,11,30,2시간
文系の初心者でも出来た！WordPress5.x対応ブログの作り方インストールから公開まで超図解 入門編【わかりやすい】,https://www.udemy.com/course/wordpress-introductory-edition/,よこやま 良平,4.980655,6,36,23,1시간
Herkes için Arduino,https://www.udemy.com/course/sifirdan-arduino-ogrenin-mblock-5-ve-tinkercad-simulator/,İlker Özer,4.1950154,6,19,67,4시간
WORDPRESS & ELEMENTOR comme un Pro | 2en1 en 72 Sessions,https://www.udemy.com/course/lintegralite-du-tableau-de-bord-de-wordpress/,Walid Doulache,4.2257075,6,300,72,7.5시간
Make A Wix Website Today - صمم موقعك علي ويكس الان,https://www.udemy.com/course/make-a-wix-website-today/,ahmed moniem,4.491753,6,478,6,1시간
Ontwerp je eigen website met Divi,https://www.udemy.com/course/ontwerp-je-eigen-website-met-divi/,Kim Raes,4.6465597,6,40,58,6시간
WordPressを使ってほぼ無料でコミュニティーサイトを作成する方法,https://www.udemy.com/course/wordpress-buddypress/,根本耕輔 @KCLUB MARKETING,4.056905,6,31,73,2.5시간
קורס לבניית  אתר סחר (חנות מקוונת) בוויקס (WIX),https://www.udemy.com/course/wix-stores/,Danny Navon,4.7236404,6,19,9,1.5시간
Power Appsを使いこなして社内DXを実現しよう！（入門編）,https://www.udemy.com/course/power-appsdx/,杏樹 青木,3.5935285,6,52,38,4.5시간
Como fazer seu Website no Wix,https://www.udemy.com/course/como-fazer-seu-website-no-wix-comschool/,ComSchool Cursos,4.535569,6,9,10,1.5시간
WordPressを使ってほぼ無料で掲示板サイトを作成する方法,https://www.udemy.com/course/wordpress-bbpress/,根本耕輔 @KCLUB MARKETING,3.7180078,5,13,64,2시간
初心者にわかりやすいWordPress固定ページ作成方法と投稿の仕方【基礎講座】,https://www.udemy.com/course/wordpress-create-page/,よこやま 良平,4.870957,5,73,16,1시간
Pengantar Machine Learning untuk Level Dasar,https://www.udemy.com/course/pengantar-machine-learning-untuk-level-dasar/,Jubilee Enterprise,4.401808,5,19,37,3시간
【ノーコード】AppSheet講座 Step2：お小遣い帳アプリを作ろう,https://www.udemy.com/course/appsheet-step2/,ノーコード 自習室,4.292059,5,17,13,1시간
【超初心者向け】Wixで簡単お洒落なWEBサイトを作成しよう！ノーコードで作れる圧巻のホームページ（HP制作）！,https://www.udemy.com/course/wix_site/,ヤスダ 先生,3.8559008,5,54,15,38분
Google AppSheet. Приложение из Excel таблицы.,https://www.udemy.com/course/google-appsheet-excel/,Aleksandr Mazurin,3.9626644,5,9,11,1시간
「速習！超初心者向けホームページ作成講座」HTML不要。Jimdoなら作成経験無しでも１日でホームページが作れます,https://www.udemy.com/course/itjimdo-hp/,前原 恵美子,3.640653,5,16,27,2시간
Online Marketing: Landing Page erstellen mit Wordpress!,https://www.udemy.com/course/landingpage-wordpress/,Sebastian Glöckner,5.0,5,1018,18,4시간
"『ノーコード開発コンプリートコース』 | 実践的なアプリを作りながらBubble,Adalo,Webflowを学ぼう",https://www.udemy.com/course/adalo-adalo/,Nocode Dojo,4.2556057,5,73,27,3.5시간
Webflow İle Hiç Kod Yazmadan Web Sitesi Tasarlama,https://www.udemy.com/course/webflow-egitim-seti/,Ramazan GÜLER,5.0,5,88,32,3.5시간
Erstelle eine Website mit Jimdo - inkl. Erweiterungen,https://www.udemy.com/course/erstelle-eine-website-mit-jimdo-inkl-erweiterungen/,Mathias Neubert,4.9087634,4,40,17,2.5시간
Adaloで1日でアプリを作っちゃおう! ノーコードアプリ講座 〜チャットアプリ編〜,https://www.udemy.com/course/adalochat/,kan .,3.877443,4,11,11,1시간
Créer son site sans connaissances avec Wordpress & Elementor,https://www.udemy.com/course/site-facile-avec-wordpress-et-elementor/,Thomas CHEVALIER,3.6673832,4,12,41,4.5시간
Curso completo Criar blog de vídeos do youtube - Wordpress,https://www.udemy.com/course/curso-completo-criar-blog-de-videos-do-youtube-wordpress/,Kildary Oliver,5.0,4,11,27,2.5시간
Un site internet PRO en moins de 3h00 à moindre cout,https://www.udemy.com/course/un-site-internet-pro-en-moins-de-3h00-a-moindre-cout/,Thi Bow,4.7594476,4,17,33,5.5시간
Crea tu Tienda en WordPress y tu marca de ropa con Printful,https://www.udemy.com/course/crea-tu-tienda-en-wordpress-y-tu-marca-de-ropa-con-printful/,Juan Centeno,4.6620517,4,27,46,7시간
Curso de Desenvolvimento de aplicativos com Glide Apps,https://www.udemy.com/course/curso-de-desenvolvimento-de-aplicativos-com-glide-apps/,Carlos Bitencourt,5.0,4,15,14,5시간
【超初心者向け】プログラミング不要！WordPressウェブサイト制作入門講座,https://www.udemy.com/course/wordpress-nocode-beginner/,柳岡 亮,3.819814,4,58,47,2시간
【簡単・挫折しない】パソコン初心者が驚くほど短時間で、しかも無料でプロ並みのホームページが作れる！Jimdoの使い方,https://www.udemy.com/course/jimdocreate/,みな 斉藤（Mina Saitou）,5.0,4,10,20,1시간
كيف تقوم بعمل موقع إلكتروني في يوم واحد فقط,https://www.udemy.com/course/websitesmaking/,عبدالله أديب,4.418704,4,50,6,2시간
文系の初心者でも出来た！仕事でも使えるWordPress5.x対応 初心者が絶対に入れるべき7つのプラグインと使い方,https://www.udemy.com/course/wordpress-plugin-setting/,よこやま 良平,4.4233284,4,57,14,1시간
Android Apps Development Course for Beginners without Coding,https://www.udemy.com/course/android-apps-development-course-for-beginners-without-coding/,Bibek Kumar Bhagat,4.502457,3,647,24,2시간
KATALON RECORDER :Pruebas Automatizadas sin Código (ESPAÑOL),https://www.udemy.com/course/katalon-recorder-pruebas-automatizadas-sin-codigo-espanol/,Rodrigo Villanueva Nieto,3.7999473,3,9,44,4시간
คอร์ส WordPress สำหรับผู้เริ่มต้น สร้างเว็บไซต์ขั้นพื้นฐาน,https://www.udemy.com/course/wordpress-for-beginner-thai/,Pakasit Worracharoen,4.7299013,3,16,20,3.5시간
PETROLEUM AND GAS . CONSULTE  75 9 9904-2851,https://www.udemy.com/course/petroleo-e-gas/,Josevan Batista 75 99904-2851 Santos,1.9375,3,3,0,4개의 질문
プログラミングの仕組みを学ぶ、ブロックプログラミング パズル,https://www.udemy.com/course/learn_how_programming_works/,高見 知英,3.6671329,3,10,21,2시간
Como Criar um Blog no Wordpress Passo a Passo,https://www.udemy.com/course/wordpress-como-criar-um-blog-passo-a-passo/,Kildary Oliver,5.0,3,4,44,2.5시간
Arduino ile Adım Adım Robotik Kodlama 2. Seviye,https://www.udemy.com/course/arduino-ile-adm-adm-robotik-kodlama-2-seviye/,Öğrenme Ağacı,5.0,3,6,32,7시간
『Bubbleで画像共有プラットフォームを構築しよう』Pixabayのようなサービスを開発します。,https://www.udemy.com/course/bubblepixabay/,Nocode Dojo,4.292135,3,17,47,5시간
初心者でも挫折しない、ブロックプログラミングで学ぶプログラミングの仕組み,https://www.udemy.com/course/aucnzsxc/,乃梨子 小野,4.8029566,3,17,64,7시간
暗黑部落格行銷術,https://www.udemy.com/course/wiwweqaf/,威廉 老師,2.173913,2,5,12,4시간
WebFácil: Crie sites com Wordpress e Elementor,https://www.udemy.com/course/webfacil-aprenda-a-criar-sites-com-wordpress-e-elementor/,Luiz Ladeira,5.0,2,15,48,7시간
"Kodular, Appİnvertor Android uygulama geliştirin",https://www.udemy.com/course/kodlama-bilmeden-mobil-uygulama-gelistirin/,Ahmet Bora,5.0,2,7,79,7시간
【ノーコード】 Microsoft Power Apps講座 STEP2：食べ歩き記録アプリ『ラーメンログ』を作ろう！,https://www.udemy.com/course/microsoft-power-apps-step2/,ノーコード 自習室,4.4781146,2,19,22,2시간
Crea Sistemas para Taller Mecánico/Automotriz PHP JavaScript,https://www.udemy.com/course/crea-sistemas-para-taller-mecanicoautomotriz-php-javascript/,Fernando Sánchez,1.0,2,18,12,1시간
Bloggen mit WordPress: Leser gewinnen und Geld verdienen,https://www.udemy.com/course/bloggen-mit-wordpress-leser-gewinnen-und-geld-verdienen/,Dominik Panosch,5.0,2,16,29,4시간
Dominando Elementor - La guía definitiva 2022 (Nivel 1),https://www.udemy.com/course/dominando-elementor-2022-n1/,Klinsmann Fabian,4.1586347,2,5,48,5시간
בניית אתרים ועמודי נחיתה ב-WordPress & Elementor,https://www.udemy.com/course/wp-elementor-full-course/,Menash Bouhadana,5.0,2,9,31,2시간
WordPress für Anfänger 2022: Website erstellen mit Enfold,https://www.udemy.com/course/wordpress-fur-anfanger-website-erstellen-mit-enfold/,Dominik Panosch,5.0,2,22,37,3시간
【ノーコード】.bubble講座 Step2：データベースを使う,https://www.udemy.com/course/bubble-step2/,ノーコード 自習室,5.0,2,9,20,1.5시간
คอร์สสอนสร้างเว็บไซต์ ขายของออนไลน์ พร้อมระบบรับชำระ เพิ่มสิ,https://www.udemy.com/course/make-you-web-store/,Worawut Chaopradit,4.79249,2,12,53,5시간
Electrohidráulica Proporcional,https://www.udemy.com/course/electrohidraulica-proporcional/,Crox Global Technology,3.1687613,2,18,41,3시간
Scratch For Begginers | سكراتش للمبتدئين,https://www.udemy.com/course/l3-scratch-for-begginers/,Asmaa Abo-amra,1.0,1,7,48,8시간
Aprenda JIT - Macro para Automações,https://www.udemy.com/course/jit-master/,Luan Maurício de Oliveira Gundim,4.5,1,1,8,1.5시간
Unity Bolt - визуальное программирование,https://www.udemy.com/course/unity-bolt-itd/,Исмаил Усеинов,2.0,1,10,14,3시간
تعلم الريسكين الاحترافي للألعاب علي محرك يونتي,https://www.udemy.com/course/unity_reskin/,ELsayed Sami kamal,5.0,1,7,14,1.5시간
تركيب وتعديل قالب بلوجر احترافي Edit blogger template,https://www.udemy.com/course/blogger-template/,Abdllrahman yasser,5.0,1,1,5,35분
【初心者向け】Adaloで1日でアプリを作っちゃおう! ノーコードアプリ講座 〜ToDo編〜,https://www.udemy.com/course/adalo-todo/,kan .,5.0,1,3,10,36분
Aplicativo Cardapio Digital,https://www.udemy.com/course/aplicativo-cardapio-digital/,Lucas Souza,2.5,1,2,8,1시간
Dein eigener Internetshop und dies mit kostenlosen Mitteln,https://www.udemy.com/course/dein-eigener-internetshop-und-dies-mit-kostenlosen-mitteln/,Mario Biermann,3.0,1,2,7,1시간
Bubble - Desenvolvedor de Plugins Bubble,https://www.udemy.com/course/bubble-desenvolvedor-de-plugins-bubble/,Robson Regis Rodrigues,5.0,1,15,49,16시간
Como criar Landing Pages,https://www.udemy.com/course/como-criar-landing-pages/,Vitor Cruz,5.0,1,7,16,2시간
தமிழ் வழியில் பேஜ்மேக்கர் கற்றுக்கொள்ளுங்கள்,https://www.udemy.com/course/learnpagemaker/,Shiva G,5.0000005,1,6,88,11시간
Elementorをより使いこなすための講座,https://www.udemy.com/course/elementor-advanced/,根本耕輔 @KCLUB MARKETING,5.0,1,15,28,1.5시간
Typecho个人博客搭建,https://www.udemy.com/course/typecho-t/,jianping shen,0.0,0,0,7,41분
شاپیفائی ڈاپشپنگ ویب ڈیویلپمنٹ ماسٹر کلاس 2021,https://www.udemy.com/course/build-an-ecommerce-dropshipping-web-using-shopify/,Agha Mohsin Ali Khan,0.0,0,0,5,1.5시간
WordPress | Alcançar +90 Pontos no Google PageSpeed Insights,https://www.udemy.com/course/wordpress-alcancar-90-pontos-no-google-pagespeed-insights/,Weverton Henrique Pansan de Araujo,0.0,0,1,14,1.5시간
Google AppSheet. Расширенный курс.,https://www.udemy.com/course/google-appsheet-extended/,Aleksandr Mazurin,0.0,0,2,16,1.5시간
Aprenda Criar Sites Profissionais no WordPress com Elementor,https://www.udemy.com/course/aprenda-criar-sites-profissionais-no-wordpress-com-elementor/,Gustavo Ribeiro,0.0,0,2,28,42분
WordPress für Einsteiger: Websites in der Cloud erstellen,https://www.udemy.com/course/wordpress-fur-einsteiger-websites-in-der-cloud-erstellen/,Patrick Gruenauer,0.0,0,2,35,3시간
برمجة تطبيقات الموبايل بدون كود,https://www.udemy.com/course/appmaker/,Aras Mahmoud,0.0,0,1,15,4.5시간
Maîtriser Google Appsheet,https://www.udemy.com/course/maitriser-google-appsheet/,Mamy TOMBOZAFY,0.0,0,2,52,6시간
Curso Elementor : Criando Sites com Elementor na Prática,https://www.udemy.com/course/curso-elementor-criando-sites-com-elementor-na-pratica/,Jeferson Augusto Conceição Silva,0.0,0,1,17,1.5시간
Desktop & Mobile apps + apk | التحويلات البرمجية (حصري),https://www.udemy.com/course/desktop-mobile-apps-apk-rakwan/,المبرمج العربي,0.0,0,5,20,2시간
ワードプレスを使わない【初めてのブログ作成】と【ライティングスキル・収益化の方法】を手に入れる講座,https://www.udemy.com/course/first-blog/,めいさん （ぶろぐライフ）,0.0,0,0,10,1.5시간
Learn How to manage Cpanel Software | বাংলা ভাষায় শিখুন।,https://www.udemy.com/course/learn-how-to-manage-cpanel-software/,Ratul Kumar Sen,0.0,0,1,16,2.5시간
קורס להעלאת אתר וויקס לאוויר (WIX),https://www.udemy.com/course/wix-upload-he/,Oren Gelbendorf,0.0,0,4,6,34분
Créez votre site internet professionnel en 5 jours,https://www.udemy.com/course/creez-votre-site-internet-professionnel-en-5-jours/,Michael Mourtialon,0.0,0,0,15,1시간
Dominando Divi - Cómo Crear Un Funnel o Embudo de Ventas,https://www.udemy.com/course/dominando-divi-como-crear-un-funnel-o-embudo-de-ventas/,Klinsmann Fabian,0.0,0,0,38,6시간
Crie o seu site em 1 hora!,https://www.udemy.com/course/crie-o-seu-site-em-1-hora/,Leibniz de Souza,0.0,0,0,11,1.5시간
Aprende diseño de formularios de Windows (GUI),https://www.udemy.com/course/como-disenar-forms-modernos/,Erwin Rodriguez,0.0,0,1,5,2시간
สอนทำSalepage ขายของออนไลน์ สร้างเว็บเองได้ภายใน 1.2 ชั่วโมง,https://www.udemy.com/course/salepage-12/,Jakapop Jamratsamee,0.0,0,0,10,1시간
Comment créer une boutique en ligne rentable avec Zéro code?,https://www.udemy.com/course/comment-creer-une-boutique-en-ligne-rentable-avec-zero-code/,E-Learning Innovation | Formateur certifié (France),0.0,0,0,33,1.5시간
Créer un site Web en 1h pour les débutants,https://www.udemy.com/course/creervotresitewordpress/,Cédric Lallemand,0.0,0,0,22,1.5시간
Membuat Website untuk Pemula,https://www.udemy.com/course/membuat-website-untuk-pemula/,Excellence Indonesia (ExcellencIA),0.0,0,0,8,32분
Aprenda a criar sites profissionais sem codificar (2022),https://www.udemy.com/course/aprenda-a-criar-sites-profissionais-sem-codificar-2022/,Paulo H. M. Saeta,0.0,0,0,38,7.5시간
NO CODE - Build Projects Management App (Arabic),https://www.udemy.com/course/no-code-aspb/,Muhamed Alkhatib,0.0,0,24,35,5시간
Dominando Elementor - La guía definitiva 2022 (Nivel 3),https://www.udemy.com/course/dominando-elementor-la-guia-definitiva-2022-nivel-3/,Klinsmann Fabian,0.0,0,1,35,2.5시간
Crea tu web sin programar,https://www.udemy.com/course/crea-tu-web-sin-programar/,Mackewinsson palencia,0.0,0,0,36,3시간
Kurs Carrd strony bez kodowania,https://www.udemy.com/course/kurs-carrd-strony-bez-kodowania/,Edugrafia.pl - wideo kursy,0.0,0,1,11,3.5시간
初心者向けAdaloでアプリ開発コース,https://www.udemy.com/course/adalo-hs/,aya ika,0.0,0,0,9,1시간
WordPress 基礎入門課程 - 免費在Amazon Cloud建設網站 (廣東話),https://www.udemy.com/course/wordpress-amazon-cloud/,Lok Man,0.0,0,0,26,3.5시간
Create Cosmetic and Skincare WordPress Website,https://www.udemy.com/course/create-cosmetic-and-skincare-wordpress-website/,Worawut Chaopradit,0.0,0,2,14,2시간
Create Cosmetic and Skincare WordPress Website,https://www.udemy.com/course/create-cosmetic-and-skincare-wordpress-website/,Worawut Chaopradit,0.0,0,2,14,2시간
Opencart 3 - Crie Suas Lojas Virtuais Sem Saber Programar,https://www.udemy.com/course/opencart-3x/,Paulo Campos Brito,0.0,0,0,39,2.5시간
Da Zero a WordPress in 1 Ora,https://www.udemy.com/course/corso-wordpress1/,Emanuele B.,0.0,0,0,16,1.5시간
Sécuriser WordPress : apprendre à le faire comme un Pro,https://www.udemy.com/course/securiser-wordpress-pro/,Walid Doulache,0.0,0,2,29,3시간
สร้างเว็บขายบ้าน ที่ดินโรงงาน พร้อมระบบค้นหา แบบมืออาชีพ,https://www.udemy.com/course/wp-pro-realestate/,Worawut Chaopradit,0.0,0,1,33,5시간
Criando site no Web Acapella sem saber programar,https://www.udemy.com/course/criando-site-no-web-acapella-sem-saber-programar/,Weslei Lima,0.0,0,0,19,3시간
Fundamentos de WordPress,https://www.udemy.com/course/fundamentos-de-wordpress/,Luis Guevara Matias,0.0,0,107,5,1.5시간
Criar sua Loja Virtual com WordPress Woocommerce 2022,https://www.udemy.com/course/criar-sua-loja-virtual-com-wordpress-woocommerce/,Rodrigo Luiz Barbosa de Souza,0.0,0,1,36,5.5시간
Weebly架站實務操作班,https://www.udemy.com/course/weebly-o/,威廉 老師,0.0,0,1,13,3시간
WordPress 網站 (區塊編輯器) + WooCommerce 全部頁面設計 (廣東話),https://www.udemy.com/course/wordpress-woocommerce-course/,ivan so,0.0,0,0,11,1.5시간
عمل متجر الكتروني من الصفر علي ورد بريس,https://www.udemy.com/course/wordpresshop/,ELsayed Sami kamal,0.0,0,0,10,1시간
Cara Membuat Toko Online dengan WordPress dan WooCommerce,https://www.udemy.com/course/cara-membuat-toko-online-dengan-wordpress-dan-woocommerce/,Pemoola Group,0.0,0,101,63,9시간
Google Blogger 從零變成簡單,https://www.udemy.com/course/google-blog-marketing/,Jazz Wai,0.0,0,2,32,4.5시간
انشاء المواقع بواسطه ووردبريس,https://www.udemy.com/course/znguhsay/,Ahmed Hassan Ahmed,0.0,0,0,15,30분
Criando seu site em minutos de forma fácil,https://www.udemy.com/course/lojafacil/,Marcos Vinicius de Souza Brum,0.0,0,2,23,3시간
WordPress Development (Burmese - မြန်မာ),https://www.udemy.com/course/wordpress-development-burmese-myanmar/,Minn Khant Naing,0.0,0,1,19,3시간
تعلم كيفية إنشاء موقع الكتروني احترافي (WordPress),https://www.udemy.com/course/wordpress-mp/,StartLearn StartLearn,0.0,0,0,35,2.5시간
Aprende WordPress a fondo de 0 a 100,https://www.udemy.com/course/aprende-wordpress-a-fondo-de-0-a-100/,Webosconjamon Agencia Creativa,0.0,0,0,18,4시간
Web Designing Course: Beginner to Advanced Level,https://www.udemy.com/course/web-designing-course-beginner-to-advanced-level-a/,Sandeep Goyal,0.0,0,1,71,17시간
افهم ووردبريس بعمق - وأنشئ متاجر و مواقع الكترونية بحترافية,https://www.udemy.com/course/nouamaneacademy/,Nouaman Hassani,0.0,0,0,19,8.5시간
wix صناعة المواقع بواسطة,https://www.udemy.com/course/wix-jamy/,Ahmed Hassan Ahmed,0.0,0,2,23,44분
Wordpress Bloqun/videobloqun hazırlanması (40 video dərs),https://www.udemy.com/course/azeriwpblog/,Farhad Huseynov,0.0,0,0,41,5.5시간
Практикалық курс Интернет Магазин Жасау 2022,https://www.udemy.com/course/praktika-internet-duken/,Муслим Муса KZ,0.0,0,0,14,2시간
Cara Membuat Website Company Profile dengan WordPress,https://www.udemy.com/course/cara-membuat-website-company-profile-dengan-wordpress/,Pemoola Group,0.0,0,1,101,15시간
สร้างเว็บขายบ้าน ที่ดิน อสังหาริมทรัพย์ ด้วยธีมฟรี,https://www.udemy.com/course/how-to-make-realestate-website-2022/,Worawut Chaopradit,0.0,0,1,14,2.5시간
Elementor - Como Criar Sites Personalizados no WordPress,https://www.udemy.com/course/elementor-como-criar-sites-personalizados-no-wordpress/,A Escola de Sites,4.662722,682,9676,5,1시간
WordPress - Curso Como Criar Site com Design Moderno,https://www.udemy.com/course/wordpress-curso-como-criar-site-design-moderno/,A Escola de Sites,4.5574293,638,17402,9,1.5시간
Exprime ELEMENTOR FREE al máximo [WORDPRESS] | 2022,https://www.udemy.com/course/hazte-un-pro-con-elementor-free-wordpress-2020/,Rafa Tárrega,4.7586465,536,12517,15,1.5시간
Dominando Elementor desde Cero,https://www.udemy.com/course/dominando-elementor/,Dante Gualotuña Durán,4.5333195,492,12292,43,6시간
Como Montar sua Loja Virtual - O Mapa Completo do E-commerce,https://www.udemy.com/course/como-montar-sua-loja-virtual-o-mapa-completo-do-e-commerce/,A Escola de Sites,4.975584,304,7538,5,2시간
Aprende Lógica de Programación (Básico),https://www.udemy.com/course/aprende-logica-de-programacion/,Sergio Alejandro Pérez Gabriel,4.605032,237,5824,41,2시간
Domina Elementor [FREE] Nivel Intermedio / Avanzado [#2022],https://www.udemy.com/course/explota-elementor-free-nivel-intermedio-avanzado/,Rafa Tárrega,4.59706,181,4593,26,1.5시간
[Elementor Builder] Créer un site internet [WordPress],https://www.udemy.com/course/elementor-builder-creer-un-site-internet-wordpress/,Alexandre TORIN,3.6749792,154,3313,6,36분
Curso Completo Criar Sites com Design Profissional WordPress,https://www.udemy.com/course/curso-completo-criar-sites-com-design-profissional-wordpress/,A Escola de Sites,4.022828,151,5244,5,1시간
Introducción a Drupal 9,https://www.udemy.com/course/introduccion-drupal-9/,Borja Vicente Cespedes,4.391212,137,2981,18,1.5시간
Como Criar um Site Profissional em 30 minutos com WordPress,https://www.udemy.com/course/como-criar-um-site-em-30-minutos/,Diego Davila • 650.000+ Students,4.7295094,116,1512,7,1시간
Aprende a utilizar Elementor Pro,https://www.udemy.com/course/aprende-a-utilizar-elementor-pro/,David Sáez Nova,4.8646617,102,5457,24,4.5시간
Curso WP Elementor - Aprenda Elementor do Zero,https://www.udemy.com/course/curso-wp-elementor/,David Arty,4.115912,101,1799,7,2시간
Como Criar Uma Landing Page (Página de Vendas),https://www.udemy.com/course/como-criar-uma-landing-page-pagina-de-vendas/,Rafael Mota,3.6973705,93,2368,5,1.5시간
Adalo - Crea aplicaciones móviles Multiplataforma,https://www.udemy.com/course/crea-aplicaciones-android-ios-adalo-gratis/,Jorge L. Valdéz,4.210126,92,6908,17,1시간
Wix ADI İle 30 Dakikada Profesyonel E-Ticaret Sitesi Kurun,https://www.udemy.com/course/wix-adi-ile-30-dakikada-seo-uyumlu-profesyonel-e-ticaret-sitesi-kurun/,Tolgahan Koyuncu,4.5275116,87,3459,16,2시간
ノーコードで超速WEB制作　STUDIO超入門コース,https://www.udemy.com/course/studio-for-beginners/,おたろう STUDIOでノーコードWEB制作,4.6841044,79,360,18,1시간
Como Fazer o Seu Primeiro Site!,https://www.udemy.com/course/como-fazer-um-site-em-1-hora-2020/,A Escola de Sites,4.4796867,79,2021,6,1.5시간
Crea tu portafolio fácil y sin programar en 30 minutos,https://www.udemy.com/course/crea-tu-portafolio-facil-y-sin-programar-en-30-minutos/,María Jhosé García Munguía,4.4957705,72,3484,5,30분
Découvrez comment faire votre projet avec des outils no-code,https://www.udemy.com/course/decouvrez-comment-faire-votre-projet-avec-des-outils-no-code/,Team Contournement,4.326218,68,803,12,1.5시간
Dominando Elementor desde Cero Vol. 2,https://www.udemy.com/course/dominando-elementor-desde-cero-vol-2/,Dante Gualotuña Durán,4.8383846,68,6476,27,4시간
Aprende Lógica de Programación (Avanzado),https://www.udemy.com/course/aprende-logica-de-programacion-avanzado/,Sergio Alejandro Pérez Gabriel,4.5602922,62,5306,28,1.5시간
انشاء موقع الكتروني من الصفر خطوة بخطوة - ووردبريس,https://www.udemy.com/course/create-website-using-wordpress-course-in-arabic/,Omar Jahama,4.7791924,57,1756,12,1.5시간
【NoCode】はじめてのBubble入門！簡単なWebアプリケーションを開発してみる(2021),https://www.udemy.com/course/nocodebubble2021/,Sota Kitaura,4.415474,37,425,14,1.5시간
Wix ADI İle 30 Dakikada SEO Uyumlu Profesyonel Blog Açın,https://www.udemy.com/course/wix-adi-ile-30-dakikada-seo-uyumlu-profesyonel-blog-kurulumu/,Tolgahan Koyuncu,3.66525,36,2888,15,2시간
Créer un site WordPress professionnel en moins de 2 heures,https://www.udemy.com/course/creer-site-wordpress-pro-2heures/,Nasser-eddine BENAZIZA,4.1922264,36,1095,9,1.5시간
Introducción a Wordpress,https://www.udemy.com/course/introduccion-a-wordpress/,Joel Barrios (Bachi),4.1800823,28,1876,12,1.5시간
Как сделать сайт на Wordpress с Elementor,https://www.udemy.com/course/kurs-wordpress-elementor/,Денис Безродный,4.7205796,24,267,16,1.5시간
Kod Yazmadan Bubble ile Yapılacaklar Listesi Oluşturma,https://www.udemy.com/course/kod-yazmadan-bubble-ile-yapilacaklar-listesi-olusturma/,Enes Efe,4.773111,24,1441,10,42분
Commet créer un site WORDPRESS de A à Z en 1 Heure,https://www.udemy.com/course/formation-cms-wordpress/,Dr. Firas | Machine Learning et Big Data,4.5104456,21,699,18,2시간
Создание Интернет-магазина с нуля до первых продаж,https://www.udemy.com/course/ifish_shop/,Юрий Бошников,4.492909,21,465,31,3.5시간
"Basics of Uploading website, Hosting & Domain name in Hindi",https://www.udemy.com/course/uploading-website-online-buying-hosting-domain-in-hindi/,Akshay Gupta,4.601013,20,465,8,31분
Wix Web Design and Development  Beginner To Pro,https://www.udemy.com/course/wix-website-design-and-development-beginner-to-pro/,Muhammad Sufyan Ali,4.1059504,20,880,15,3시간
【ノーコード】 Adalo でコードを書かずにモバイル用『タスク管理』アプリ開発！,https://www.udemy.com/course/adalo-nj/,ノーコード 自習室,4.4441175,19,190,19,1시간
Создание сайта с нуля до заработка на Wordpress,https://www.udemy.com/course/infosite_ifish/,Юрий Бошников,3.9111896,14,310,18,2시간
Criando um Site Pessoal do zero com Wordpress e Elementor,https://www.udemy.com/course/criando-um-site-pessoal-do-zero-com-wordpress-e-elementor/,Hype Cursos,4.302563,13,550,8,2시간
アフターコロナ対策！サービスをオンラインで販売する【ペライチで作る申し込みページ作成編】,https://www.udemy.com/course/peraichilesson/,歩惟 坂本,4.0136366,11,182,5,32분
1Hチャレンジ！Elementor Proのテーマビルダーマスター講座,https://www.udemy.com/course/elementor-pro-theme-builder/,根本耕輔 @KCLUB MARKETING,4.567349,10,185,9,1시간
Integromatを活用して、コーディングなしで、身の回りの業務を簡単に自動化しよう！,https://www.udemy.com/course/integromat/,あず まる,4.7657876,10,159,16,2시간
【ノーコード】 Glide でコードを書かずにインスタグラム風『写真共有アプリ』開発！,https://www.udemy.com/course/glide-ak/,ノーコード 自習室,4.299624,9,134,18,1시간
WordPress（ワードプレス）でブログサイトを立ち上げる講座【サーバー契約からテーマカスタマイズまで】,https://www.udemy.com/course/wordpress-blogsite/,カトー ヒサヨシ,4.509549,9,76,20,2시간
Elementorのサイトを高速化する方法,https://www.udemy.com/course/elementor-speed-optimization/,根本耕輔 @KCLUB MARKETING,4.6283455,7,250,27,1시간
codeorg Temel Eğitim Dersleri Kursu,https://www.udemy.com/course/codeorg-temel-egitim-dersleri-kursu/,Ahmet Doğan Karahan,4.5838323,6,984,5,1시간
【ノーコード】.bubble講座 Step1：画面レイアウトを作成する,https://www.udemy.com/course/bubble-step1/,ノーコード 自習室,4.8589664,6,50,20,1.5시간
رفع الموقع على الانترنت,https://www.udemy.com/course/deploy-website/,Ali Hassan,4.93475,5,215,8,2시간
WordPressサイト最強のGenesisFrameworkを無料でセットアップする方法【2022年最新版】,https://www.udemy.com/course/genesisframework2022/,山並 もえ,4.7999654,5,68,20,1시간
Creare sito web senza codice - Corso Brizy,https://www.udemy.com/course/creare-sito-web-senza-codice-corso-brizy/,Giovanni Fu Lin,4.1417937,4,180,13,1.5시간
Erste Einführung in Azure Machine Learning (Azure ML),https://www.udemy.com/course/erste-einfuehrung-in-azure-machine-learning-azure-ml/,Harald Rohan,3.6880167,3,224,9,33분
Make your coding more fast using VSCode extentions,https://www.udemy.com/course/make-your-coding-more-fast-using-vscode-extentions/,Sheikh Naveed,3.937931,3,442,21,1.5시간
Crie seu primeiro aplicativo com uma ferramenta Low-Code.,https://www.udemy.com/course/primeiros-passos-com-genexus/,GeneXus Training,5.0,3,149,13,1시간
MYSQL com o kodular - INTRODUÇÃO,https://www.udemy.com/course/mysql-com-o-kodular-introducao/,Lucas Souza,5.0,2,311,5,1시간
flexifunnel(फ्लेक्सी फनल) ka use krke landing page,https://www.udemy.com/course/flexifunnel-tutorial-in-hindi/,kirtesh dewangan,4.3650794,2,63,8,1시간
ورشة عمل كيف تصمم متجرك بالوردبرس في اقل من ساعة؟,https://www.udemy.com/course/itbfwats/,Fadi Abu Sowan,5.0,1,263,11,2시간
Vitesse de WordPress : rendre votre site rapide maintenant,https://www.udemy.com/course/vitesse-wordpress/,Walid Doulache,5.0,1,111,20,2시간
طريقة إنشاء موقع الكتروني إحترافي خطوة بخطوة - شرح كامل,https://www.udemy.com/course/websitelesson/,Hadi Almoghaliq,0.0,0,2,15,1.5시간
